#pragma once

static const unsigned char OCTOPUS_LOGO_JPG[] PROGMEM = {
  0xFF, 0xD8, 0xFF, 0xE0, 0x00, 0x10, 0x4A, 0x46, 0x49, 0x46, 0x00, 0x01,
  0x01, 0x01, 0x00, 0x60, 0x00, 0x60, 0x00, 0x00, 0xFF, 0xDB, 0x00, 0x43,
  0x00, 0x05, 0x04, 0x04, 0x04, 0x04, 0x03, 0x05, 0x04, 0x04, 0x04, 0x06,
  0x05, 0x05, 0x06, 0x08, 0x0D, 0x08, 0x08, 0x07, 0x07, 0x08, 0x10, 0x0B,
  0x0C, 0x09, 0x0D, 0x13, 0x10, 0x14, 0x13, 0x12, 0x10, 0x12, 0x12, 0x14,
  0x17, 0x1D, 0x19, 0x14, 0x16, 0x1C, 0x16, 0x12, 0x12, 0x1A, 0x23, 0x1A,
  0x1C, 0x1E, 0x1F, 0x21, 0x21, 0x21, 0x14, 0x19, 0x24, 0x27, 0x24, 0x20,
  0x26, 0x1D, 0x20, 0x21, 0x20, 0xFF, 0xDB, 0x00, 0x43, 0x01, 0x05, 0x06,
  0x06, 0x08, 0x07, 0x08, 0x0F, 0x08, 0x08, 0x0F, 0x20, 0x15, 0x12, 0x15,
  0x20, 0x20, 0x20, 0x20, 0x20, 0x20, 0x20, 0x20, 0x20, 0x20, 0x20, 0x20,
  0x20, 0x20, 0x20, 0x20, 0x20, 0x20, 0x20, 0x20, 0x20, 0x20, 0x20, 0x20,
  0x20, 0x20, 0x20, 0x20, 0x20, 0x20, 0x20, 0x20, 0x20, 0x20, 0x20, 0x20,
  0x20, 0x20, 0x20, 0x20, 0x20, 0x20, 0x20, 0x20, 0x20, 0x20, 0x20, 0x20,
  0x20, 0x20, 0xFF, 0xC0, 0x00, 0x11, 0x08, 0x00, 0xD3, 0x01, 0x40, 0x03,
  0x01, 0x22, 0x00, 0x02, 0x11, 0x01, 0x03, 0x11, 0x01, 0xFF, 0xC4, 0x00,
  0x1F, 0x00, 0x00, 0x01, 0x05, 0x01, 0x01, 0x01, 0x01, 0x01, 0x01, 0x00,
  0x00, 0x00, 0x00, 0x00, 0x00, 0x00, 0x00, 0x01, 0x02, 0x03, 0x04, 0x05,
  0x06, 0x07, 0x08, 0x09, 0x0A, 0x0B, 0xFF, 0xC4, 0x00, 0xB5, 0x10, 0x00,
  0x02, 0x01, 0x03, 0x03, 0x02, 0x04, 0x03, 0x05, 0x05, 0x04, 0x04, 0x00,
  0x00, 0x01, 0x7D, 0x01, 0x02, 0x03, 0x00, 0x04, 0x11, 0x05, 0x12, 0x21,
  0x31, 0x41, 0x06, 0x13, 0x51, 0x61, 0x07, 0x22, 0x71, 0x14, 0x32, 0x81,
  0x91, 0xA1, 0x08, 0x23, 0x42, 0xB1, 0xC1, 0x15, 0x52, 0xD1, 0xF0, 0x24,
  0x33, 0x62, 0x72, 0x82, 0x09, 0x0A, 0x16, 0x17, 0x18, 0x19, 0x1A, 0x25,
  0x26, 0x27, 0x28, 0x29, 0x2A, 0x34, 0x35, 0x36, 0x37, 0x38, 0x39, 0x3A,
  0x43, 0x44, 0x45, 0x46, 0x47, 0x48, 0x49, 0x4A, 0x53, 0x54, 0x55, 0x56,
  0x57, 0x58, 0x59, 0x5A, 0x63, 0x64, 0x65, 0x66, 0x67, 0x68, 0x69, 0x6A,
  0x73, 0x74, 0x75, 0x76, 0x77, 0x78, 0x79, 0x7A, 0x83, 0x84, 0x85, 0x86,
  0x87, 0x88, 0x89, 0x8A, 0x92, 0x93, 0x94, 0x95, 0x96, 0x97, 0x98, 0x99,
  0x9A, 0xA2, 0xA3, 0xA4, 0xA5, 0xA6, 0xA7, 0xA8, 0xA9, 0xAA, 0xB2, 0xB3,
  0xB4, 0xB5, 0xB6, 0xB7, 0xB8, 0xB9, 0xBA, 0xC2, 0xC3, 0xC4, 0xC5, 0xC6,
  0xC7, 0xC8, 0xC9, 0xCA, 0xD2, 0xD3, 0xD4, 0xD5, 0xD6, 0xD7, 0xD8, 0xD9,
  0xDA, 0xE1, 0xE2, 0xE3, 0xE4, 0xE5, 0xE6, 0xE7, 0xE8, 0xE9, 0xEA, 0xF1,
  0xF2, 0xF3, 0xF4, 0xF5, 0xF6, 0xF7, 0xF8, 0xF9, 0xFA, 0xFF, 0xC4, 0x00,
  0x1F, 0x01, 0x00, 0x03, 0x01, 0x01, 0x01, 0x01, 0x01, 0x01, 0x01, 0x01,
  0x01, 0x00, 0x00, 0x00, 0x00, 0x00, 0x00, 0x01, 0x02, 0x03, 0x04, 0x05,
  0x06, 0x07, 0x08, 0x09, 0x0A, 0x0B, 0xFF, 0xC4, 0x00, 0xB5, 0x11, 0x00,
  0x02, 0x01, 0x02, 0x04, 0x04, 0x03, 0x04, 0x07, 0x05, 0x04, 0x04, 0x00,
  0x01, 0x02, 0x77, 0x00, 0x01, 0x02, 0x03, 0x11, 0x04, 0x05, 0x21, 0x31,
  0x06, 0x12, 0x41, 0x51, 0x07, 0x61, 0x71, 0x13, 0x22, 0x32, 0x81, 0x08,
  0x14, 0x42, 0x91, 0xA1, 0xB1, 0xC1, 0x09, 0x23, 0x33, 0x52, 0xF0, 0x15,
  0x62, 0x72, 0xD1, 0x0A, 0x16, 0x24, 0x34, 0xE1, 0x25, 0xF1, 0x17, 0x18,
  0x19, 0x1A, 0x26, 0x27, 0x28, 0x29, 0x2A, 0x35, 0x36, 0x37, 0x38, 0x39,
  0x3A, 0x43, 0x44, 0x45, 0x46, 0x47, 0x48, 0x49, 0x4A, 0x53, 0x54, 0x55,
  0x56, 0x57, 0x58, 0x59, 0x5A, 0x63, 0x64, 0x65, 0x66, 0x67, 0x68, 0x69,
  0x6A, 0x73, 0x74, 0x75, 0x76, 0x77, 0x78, 0x79, 0x7A, 0x82, 0x83, 0x84,
  0x85, 0x86, 0x87, 0x88, 0x89, 0x8A, 0x92, 0x93, 0x94, 0x95, 0x96, 0x97,
  0x98, 0x99, 0x9A, 0xA2, 0xA3, 0xA4, 0xA5, 0xA6, 0xA7, 0xA8, 0xA9, 0xAA,
  0xB2, 0xB3, 0xB4, 0xB5, 0xB6, 0xB7, 0xB8, 0xB9, 0xBA, 0xC2, 0xC3, 0xC4,
  0xC5, 0xC6, 0xC7, 0xC8, 0xC9, 0xCA, 0xD2, 0xD3, 0xD4, 0xD5, 0xD6, 0xD7,
  0xD8, 0xD9, 0xDA, 0xE2, 0xE3, 0xE4, 0xE5, 0xE6, 0xE7, 0xE8, 0xE9, 0xEA,
  0xF2, 0xF3, 0xF4, 0xF5, 0xF6, 0xF7, 0xF8, 0xF9, 0xFA, 0xFF, 0xDA, 0x00,
  0x0C, 0x03, 0x01, 0x00, 0x02, 0x11, 0x03, 0x11, 0x00, 0x3F, 0x00, 0xFB,
  0x2A, 0x8A, 0x28, 0xA0, 0x02, 0x8A, 0x28, 0xA0, 0x02, 0x8A, 0x28, 0xA0,
  0x02, 0x8A, 0x28, 0xA0, 0x02, 0x8A, 0x28, 0xA0, 0x02, 0x8A, 0x28, 0xA0,
  0x02, 0x8A, 0x28, 0xA0, 0x02, 0x8A, 0x28, 0xA0, 0x02, 0x8A, 0x2B, 0xE7,
  0x4F, 0x8D, 0xFF, 0x00, 0xB4, 0x75, 0xB7, 0x82, 0x2E, 0x6E, 0x3C, 0x29,
  0xE0, 0xC1, 0x0D, 0xF7, 0x88, 0xD3, 0xE5, 0xB9, 0xB9, 0x71, 0xBA, 0x1B,
  0x03, 0x8E, 0x98, 0xFE, 0x39, 0x3F, 0xD9, 0xE8, 0x3B, 0xE7, 0xA5, 0x54,
  0x62, 0xE4, 0xEC, 0x89, 0x94, 0x94, 0x55, 0xD9, 0xEE, 0x1E, 0x23, 0xF1,
  0x6F, 0x86, 0x7C, 0x23, 0xA7, 0xFD, 0xBF, 0xC4, 0xDA, 0xE5, 0x9E, 0x93,
  0x6F, 0xFC, 0x2D, 0x73, 0x28, 0x52, 0xFE, 0xCA, 0x3A, 0xB1, 0xF6, 0x00,
  0xD7, 0x8D, 0x6B, 0x3F, 0xB5, 0xAF, 0xC2, 0xED, 0x3A, 0x47, 0x8B, 0x4E,
  0x8B, 0x57, 0xD6, 0x59, 0x4E, 0x03, 0xDB, 0xDA, 0x88, 0xD0, 0xFE, 0x32,
  0x15, 0x3F, 0xA5, 0x7C, 0x39, 0xAD, 0xEB, 0xBA, 0xCF, 0x89, 0x35, 0x79,
  0x75, 0x7D, 0x7F, 0x53, 0xB9, 0xD4, 0xEF, 0xE6, 0x39, 0x79, 0xEE, 0x5C,
  0xBB, 0x7D, 0x07, 0x60, 0x3D, 0x86, 0x00, 0xAC, 0xEC, 0xD7, 0x5C, 0x68,
  0x25, 0xB9, 0xCB, 0x2A, 0xEF, 0xA1, 0xF6, 0xD5, 0xBF, 0xED, 0x93, 0xE0,
  0x97, 0x98, 0x2D, 0xCF, 0x85, 0x35, 0xC8, 0x63, 0xCF, 0xDE, 0x5F, 0x25,
  0xC8, 0xFC, 0x37, 0x8A, 0xF4, 0x0F, 0x0B, 0xFE, 0xD1, 0x5F, 0x09, 0xBC,
  0x53, 0x3A, 0x5B, 0x43, 0xE2, 0x41, 0xA5, 0xDD, 0x39, 0xC2, 0xC3, 0xAA,
  0x46, 0x6D, 0xB2, 0x7F, 0xDE, 0x3F, 0x27, 0xFE, 0x3D, 0x5F, 0x9C, 0xB8,
  0xA3, 0x19, 0x18, 0x23, 0x22, 0x9B, 0xA1, 0x1E, 0x82, 0x55, 0xE5, 0xD4,
  0xFD, 0x72, 0x49, 0x12, 0x58, 0xD6, 0x48, 0xDD, 0x5D, 0x1C, 0x06, 0x56,
  0x53, 0x90, 0xC3, 0xD4, 0x1A, 0x75, 0x7E, 0x6B, 0xFC, 0x32, 0xF8, 0xD7,
  0xE3, 0x3F, 0x86, 0x37, 0xB1, 0xC7, 0x61, 0x76, 0xDA, 0x8E, 0x86, 0x5B,
  0x33, 0x69, 0x37, 0x4E, 0x4C, 0x44, 0x77, 0x31, 0x9E, 0xB1, 0xB7, 0xB8,
  0xE3, 0xD4, 0x1A, 0xFB, 0xF3, 0xC0, 0x1F, 0x10, 0x3C, 0x39, 0xF1, 0x23,
  0xC2, 0xB1, 0x78, 0x83, 0xC3, 0x97, 0x25, 0xE3, 0x27, 0x64, 0xF6, 0xF2,
  0x60, 0x4B, 0x6D, 0x26, 0x39, 0x47, 0x1D, 0x8F, 0xBF, 0x42, 0x39, 0x15,
  0xCD, 0x3A, 0x6E, 0x07, 0x4C, 0x2A, 0x29, 0xEC, 0x75, 0x94, 0x51, 0x45,
  0x64, 0x68, 0x14, 0x51, 0x45, 0x00, 0x14, 0x51, 0x45, 0x00, 0x14, 0x51,
  0x45, 0x00, 0x14, 0x51, 0x45, 0x00, 0x14, 0x51, 0x45, 0x00, 0x14, 0x51,
  0x45, 0x00, 0x14, 0x51, 0x45, 0x00, 0x14, 0x51, 0x45, 0x00, 0x14, 0x51,
  0x45, 0x00, 0x14, 0x51, 0x45, 0x00, 0x14, 0x51, 0x45, 0x00, 0x14, 0x51,
  0x45, 0x00, 0x14, 0x51, 0x45, 0x00, 0x14, 0x51, 0x45, 0x00, 0x14, 0x51,
  0x45, 0x00, 0x78, 0xB7, 0xED, 0x0F, 0xF1, 0x5D, 0xFE, 0x1B, 0xF8, 0x19,
  0x2C, 0xB4, 0x79, 0x82, 0xF8, 0x8F, 0x59, 0xDD, 0x0D, 0xA3, 0x0E, 0xB6,
  0xD1, 0x81, 0xF3, 0xCD, 0xF5, 0x19, 0x01, 0x7F, 0xDA, 0x23, 0xD0, 0xD7,
  0xE7, 0xAB, 0xC8, 0xF2, 0x3B, 0x3C, 0x8E, 0xCF, 0x23, 0x92, 0xCC, 0xEE,
  0x72, 0x58, 0x9E, 0x49, 0x27, 0xB9, 0xAF, 0x4F, 0xF8, 0xFB, 0xE2, 0xF9,
  0x3C, 0x63, 0xF1, 0xB3, 0x5E, 0xBA, 0x12, 0xEF, 0xB3, 0xD3, 0xA5, 0x3A,
  0x6D, 0xA0, 0xCE, 0x40, 0x48, 0x89, 0x0C, 0x47, 0xD5, 0xF7, 0x9F, 0xC6,
  0xBC, 0xBA, 0xBD, 0x0A, 0x51, 0xE5, 0x89, 0xC1, 0x56, 0x7C, 0xD2, 0x0C,
  0xF1, 0x45, 0x14, 0x95, 0xA9, 0x88, 0xB4, 0xB9, 0xA4, 0xA5, 0xC5, 0x00,
  0x06, 0xBB, 0xCF, 0x84, 0xFF, 0x00, 0x12, 0xB5, 0x2F, 0x85, 0xFE, 0x3C,
  0xB6, 0xD7, 0x2D, 0x5D, 0xE4, 0xD3, 0x66, 0x22, 0x1D, 0x4A, 0xD0, 0x1E,
  0x27, 0x87, 0x3C, 0x90, 0x3F, 0xBE, 0xBD, 0x54, 0xFA, 0xF1, 0xD0, 0x9A,
  0xE0, 0xCD, 0x25, 0x26, 0x93, 0x56, 0x63, 0x4D, 0xA7, 0x74, 0x7E, 0xB6,
  0x58, 0x5F, 0xD9, 0xEA, 0x9A, 0x65, 0xAE, 0xA5, 0xA7, 0xDC, 0x2D, 0xC5,
  0x9D, 0xDC, 0x4B, 0x34, 0x32, 0xA1, 0xC8, 0x74, 0x61, 0x95, 0x23, 0xEA,
  0x0D, 0x59, 0xAF, 0x9E, 0x3F, 0x64, 0xAF, 0x17, 0xC9, 0xAE, 0xFC, 0x29,
  0xB9, 0xF0, 0xDD, 0xD4, 0xA5, 0xEE, 0x3C, 0x3D, 0x73, 0xE4, 0xC7, 0x93,
  0xCF, 0x91, 0x26, 0x5E, 0x3F, 0xC8, 0xEF, 0x5F, 0xA0, 0x15, 0xF4, 0x3D,
  0x79, 0xB2, 0x5C, 0xAE, 0xC7, 0xA5, 0x17, 0x75, 0x70, 0xA2, 0x8A, 0x2A,
  0x4A, 0x0A, 0x28, 0xA2, 0x80, 0x0A, 0x28, 0xA2, 0x80, 0x0A, 0x28, 0xA2,
  0x80, 0x0A, 0x28, 0xA2, 0x80, 0x0A, 0x28, 0xA2, 0x80, 0x0A, 0x28, 0xA2,
  0x80, 0x0A, 0x28, 0xA2, 0x80, 0x0A, 0x28, 0xA2, 0x80, 0x0A, 0x28, 0xA2,
  0x80, 0x0A, 0x28, 0xA2, 0x80, 0x0A, 0x28, 0xA2, 0x80, 0x0A, 0x28, 0xA2,
  0x80, 0x0A, 0x28, 0xA2, 0x80, 0x0A, 0xA7, 0xAA, 0x5E, 0xAE, 0x9D, 0xA2,
  0xDF, 0x6A, 0x2D, 0xF7, 0x6D, 0x6D, 0xE4, 0x98, 0xFF, 0x00, 0xC0, 0x54,
  0x9F, 0xE9, 0x57, 0x2B, 0x23, 0xC4, 0xF6, 0xED, 0x77, 0xE0, 0xED, 0x6E,
  0xD5, 0x06, 0x5A, 0x6B, 0x19, 0xE3, 0x03, 0xDC, 0xC6, 0xC2, 0x84, 0x07,
  0xE5, 0x24, 0xB3, 0xC9, 0x75, 0x34, 0x97, 0x32, 0xB1, 0x69, 0x26, 0x63,
  0x23, 0x13, 0xDC, 0xB1, 0xC9, 0x3F, 0x99, 0xA6, 0x53, 0x53, 0xFD, 0x52,
  0x03, 0xE8, 0x2A, 0xDE, 0x9D, 0x6A, 0x97, 0xDA, 0xC5, 0x8D, 0x8C, 0xB3,
  0x08, 0x23, 0xB9, 0xB8, 0x8E, 0x17, 0x94, 0xFF, 0x00, 0x02, 0xB3, 0x85,
  0x2D, 0xF8, 0x03, 0x9A, 0xF5, 0x4F, 0x2F, 0x76, 0x3A, 0xD3, 0x4C, 0xD4,
  0xF5, 0x08, 0xE4, 0x93, 0x4F, 0xD3, 0x6E, 0xEF, 0x12, 0x2F, 0xF5, 0x8D,
  0x6F, 0x03, 0xC8, 0x13, 0xEA, 0x54, 0x1C, 0x55, 0x5F, 0x50, 0x78, 0x20,
  0xE0, 0x8F, 0x43, 0x5F, 0xA0, 0xBF, 0x13, 0x7E, 0x21, 0xE9, 0xBF, 0xB3,
  0xBF, 0x84, 0x7C, 0x33, 0xA5, 0xF8, 0x77, 0xC1, 0x6B, 0x77, 0xA6, 0xCF,
  0x23, 0x5B, 0xAA, 0xA4, 0xBE, 0x44, 0x71, 0x04, 0x50, 0x4E, 0x58, 0x29,
  0xDD, 0x23, 0x64, 0x9E, 0x7A, 0xE1, 0x89, 0x35, 0xE7, 0xDF, 0x14, 0x7C,
  0x23, 0xE0, 0xDF, 0x8D, 0x1F, 0x07, 0x24, 0xF8, 0xBD, 0xE0, 0x1B, 0x21,
  0x6D, 0xAD, 0x59, 0xC6, 0xD3, 0x5D, 0x44, 0x88, 0x11, 0xE6, 0x54, 0xFF,
  0x00, 0x5B, 0x14, 0xAA, 0x38, 0x32, 0x28, 0xF9, 0x83, 0x77, 0x1E, 0xA0,
  0x8C, 0x61, 0x1A, 0xB7, 0xDD, 0x68, 0x6E, 0xE8, 0xD9, 0x68, 0xF5, 0x3E,
  0x3A, 0x1D, 0x6A, 0xD5, 0x9E, 0x9F, 0x7F, 0xA8, 0xC8, 0xD1, 0x69, 0xD6,
  0x17, 0x37, 0xB2, 0x20, 0xCB, 0x2D, 0xB4, 0x2D, 0x29, 0x51, 0xEA, 0x42,
  0x83, 0x8A, 0xE8, 0x3E, 0x1D, 0x78, 0x32, 0xEB, 0xE2, 0x17, 0xC4, 0x3D,
  0x23, 0xC2, 0x96, 0x72, 0x18, 0x45, 0xEC, 0x99, 0x9A, 0x75, 0x19, 0xF2,
  0x61, 0x51, 0xBA, 0x47, 0xFA, 0x85, 0x1C, 0x7B, 0x91, 0x5F, 0x5E, 0xF8,
  0xE7, 0xE2, 0xF7, 0x81, 0xBF, 0x67, 0x74, 0xB1, 0xF0, 0x17, 0x84, 0x3C,
  0x29, 0x1D, 0xED, 0xD4, 0x31, 0x2C, 0xD7, 0x30, 0xC5, 0x28, 0x84, 0x44,
  0xA7, 0xA3, 0x49, 0x26, 0xD6, 0x2F, 0x2B, 0x0C, 0x9E, 0x7B, 0x60, 0x93,
  0xC8, 0x15, 0x73, 0x9F, 0x2B, 0xB2, 0x57, 0x64, 0x42, 0x9F, 0x32, 0xBB,
  0xD8, 0xF8, 0x69, 0xD5, 0xE3, 0x91, 0xA3, 0x91, 0x19, 0x1D, 0x0E, 0x19,
  0x58, 0x60, 0xA9, 0xF4, 0x20, 0xF4, 0xA6, 0xD7, 0xD8, 0x1F, 0xB5, 0x6F,
  0x87, 0x74, 0x3D, 0x43, 0xE1, 0xEF, 0x86, 0xFE, 0x23, 0x43, 0xA6, 0x8D,
  0x37, 0x59, 0xBA, 0x9E, 0x28, 0x26, 0x56, 0x50, 0xB2, 0xCB, 0x1C, 0x91,
  0x33, 0xED, 0x93, 0x1D, 0x59, 0x0A, 0xF5, 0xED, 0x92, 0x2B, 0xE3, 0xFA,
  0x70, 0x97, 0x32, 0xB9, 0x33, 0x8F, 0x2B, 0xB1, 0xF4, 0xA7, 0xEC, 0x71,
  0x7E, 0xF0, 0xFC, 0x4F, 0xF1, 0x06, 0x9B, 0xB8, 0xF9, 0x77, 0x5A, 0x50,
  0x94, 0xAF, 0x62, 0xD1, 0xCA, 0xA0, 0x7E, 0x8E, 0x6B, 0xEE, 0x1A, 0xF8,
  0x4B, 0xF6, 0x40, 0x82, 0x49, 0x3E, 0x33, 0xEA, 0x53, 0x2F, 0xDC, 0x8B,
  0x46, 0x97, 0x77, 0xE3, 0x2C, 0x40, 0x57, 0xDD, 0xB5, 0xC7, 0x5B, 0xE3,
  0x3B, 0x28, 0xFC, 0x21, 0x45, 0x14, 0x56, 0x26, 0xC1, 0x45, 0x14, 0x50,
  0x01, 0x45, 0x14, 0x50, 0x01, 0x45, 0x14, 0x50, 0x01, 0x45, 0x14, 0x50,
  0x01, 0x45, 0x14, 0x50, 0x01, 0x45, 0x14, 0x50, 0x01, 0x45, 0x14, 0x50,
  0x01, 0x45, 0x14, 0x50, 0x01, 0x45, 0x14, 0x50, 0x01, 0x45, 0x14, 0x50,
  0x01, 0x45, 0x14, 0x50, 0x01, 0x45, 0x14, 0x50, 0x01, 0x45, 0x14, 0x50,
  0x01, 0x48, 0x40, 0x60, 0x55, 0x86, 0x41, 0xE0, 0x83, 0x4B, 0x45, 0x00,
  0x7E, 0x53, 0x78, 0xC7, 0x45, 0x97, 0xC3, 0x7E, 0x3C, 0xD7, 0xF4, 0x09,
  0x97, 0x6B, 0x69, 0xF7, 0xF3, 0x40, 0x07, 0xFB, 0x21, 0xCE, 0xD3, 0xF8,
  0xAE, 0x0F, 0xE3, 0x58, 0x47, 0xA5, 0x7D, 0x1F, 0xFB, 0x5B, 0xF8, 0x25,
  0xF4, 0x5F, 0x88, 0xF6, 0x7E, 0x31, 0xB5, 0x84, 0x8B, 0x2D, 0x7A, 0x20,
  0x93, 0x30, 0x1C, 0x2D, 0xCC, 0x60, 0x03, 0x9F, 0xF7, 0x93, 0x69, 0xF7,
  0xDA, 0xD5, 0xF3, 0x8D, 0x7A, 0x70, 0x97, 0x34, 0x53, 0x3C, 0xD9, 0xC7,
  0x96, 0x4D, 0x1F, 0x53, 0x78, 0x23, 0xF6, 0x95, 0xF0, 0xC6, 0xAB, 0xE0,
  0xB8, 0x7C, 0x17, 0xF1, 0x9B, 0x40, 0x3A, 0xB5, 0xB4, 0x68, 0xB1, 0x7D,
  0xBC, 0x40, 0x2E, 0x16, 0x65, 0x5E, 0x14, 0xCB, 0x19, 0xE4, 0x38, 0xFE,
  0xF2, 0xE7, 0x3D, 0x70, 0x0D, 0x7B, 0x97, 0xC2, 0x2D, 0x43, 0xE0, 0x8B,
  0xC3, 0xA9, 0xE8, 0xBF, 0x0A, 0xEF, 0xED, 0x4A, 0x5E, 0x7F, 0xA5, 0xDD,
  0x69, 0xC2, 0x49, 0x73, 0x8C, 0x04, 0x2D, 0xE5, 0xCB, 0xC8, 0x18, 0x2A,
  0x0E, 0x38, 0xE9, 0x5F, 0x9C, 0xB5, 0xF4, 0x07, 0xEC, 0x8B, 0xFF, 0x00,
  0x25, 0xCE, 0xE3, 0xFE, 0xC0, 0xF3, 0xFF, 0x00, 0xE8, 0xC8, 0xAB, 0x0A,
  0x94, 0xD2, 0x4D, 0xA3, 0x7A, 0x75, 0x5B, 0x69, 0x33, 0xE9, 0xFF, 0x00,
  0x86, 0xFF, 0x00, 0x08, 0xBE, 0x17, 0xF8, 0x17, 0xC5, 0x7A, 0xA6, 0xAF,
  0xE0, 0xD9, 0x9E, 0x7D, 0x4E, 0x14, 0x36, 0x57, 0x28, 0xF7, 0xA2, 0x7F,
  0xB2, 0x6E, 0x21, 0xCA, 0x6D, 0xFE, 0x03, 0xC2, 0xF5, 0xE7, 0x15, 0xC1,
  0x78, 0x8B, 0xC6, 0x5F, 0xB2, 0xF6, 0x83, 0xE3, 0x0B, 0xDF, 0x15, 0xDE,
  0x8B, 0x5F, 0x11, 0xF8, 0x95, 0xE7, 0x33, 0x3C, 0xB0, 0xC7, 0x25, 0xF3,
  0x79, 0x83, 0x81, 0xB4, 0xB1, 0xF2, 0x97, 0x18, 0x00, 0x60, 0x8C, 0x60,
  0x57, 0x55, 0xF0, 0xB0, 0x91, 0xE3, 0xDF, 0x8D, 0x2D, 0xE9, 0xAE, 0x0F,
  0xFD, 0x27, 0x15, 0xF9, 0xEE, 0xDD, 0x49, 0xF7, 0x35, 0x14, 0xE3, 0xCE,
  0xDD, 0xD9, 0x75, 0x27, 0xC8, 0x95, 0x91, 0xEA, 0xBF, 0x19, 0xBE, 0x33,
  0xEA, 0x7F, 0x16, 0xB5, 0xAB, 0x60, 0x2D, 0x0E, 0x9B, 0xA1, 0xE9, 0xE5,
  0x8D, 0xA5, 0x99, 0x7D, 0xCC, 0xCC, 0x78, 0x32, 0x48, 0x47, 0x05, 0x88,
  0xE0, 0x01, 0xC0, 0x19, 0xEB, 0x92, 0x4F, 0x94, 0x1E, 0xB4, 0x52, 0x33,
  0x60, 0x13, 0xC9, 0xFA, 0x57, 0x5A, 0x4A, 0x2A, 0xC8, 0xE4, 0x6D, 0xC9,
  0xDD, 0x9F, 0x5C, 0xFE, 0xC6, 0x3A, 0x13, 0xF9, 0x9E, 0x2E, 0xF1, 0x3B,
  0xA9, 0x09, 0xFB, 0x9D, 0x3E, 0x26, 0xF5, 0x3C, 0xC8, 0xFF, 0x00, 0xCE,
  0x3A, 0xFA, 0xF6, 0xBC, 0xCF, 0xE0, 0x5F, 0x82, 0x5F, 0xC0, 0x7F, 0x06,
  0xF4, 0x5D, 0x26, 0xEA, 0x2F, 0x2B, 0x51, 0xB9, 0x53, 0x7D, 0x7A, 0xA7,
  0xA8, 0x9A, 0x4F, 0x98, 0xA9, 0xF7, 0x55, 0xDA, 0xBF, 0xF0, 0x1A, 0xF4,
  0xCA, 0xF3, 0xAA, 0x4B, 0x9A, 0x4D, 0x9E, 0x84, 0x15, 0xA2, 0x90, 0x51,
  0x45, 0x15, 0x05, 0x85, 0x14, 0x51, 0x40, 0x05, 0x14, 0x51, 0x40, 0x05,
  0x14, 0x51, 0x40, 0x05, 0x14, 0x51, 0x40, 0x05, 0x14, 0x51, 0x40, 0x05,
  0x14, 0x51, 0x40, 0x05, 0x14, 0x51, 0x40, 0x05, 0x14, 0x51, 0x40, 0x05,
  0x15, 0x47, 0x56, 0xD5, 0xF4, 0xBD, 0x07, 0x49, 0xB8, 0xD5, 0xB5, 0xAD,
  0x42, 0x0D, 0x3E, 0xC2, 0xD9, 0x4B, 0xCB, 0x71, 0x70, 0xE1, 0x11, 0x07,
  0xB9, 0x35, 0xF3, 0xCF, 0x89, 0x7E, 0x2F, 0x78, 0xA3, 0xC7, 0x36, 0x8E,
  0xFE, 0x09, 0xBD, 0x8F, 0xC0, 0xFE, 0x0A, 0xDE, 0x63, 0x93, 0xC5, 0xBA,
  0xAC, 0x78, 0x9A, 0xF3, 0xB1, 0x5B, 0x38, 0x0F, 0xCC, 0xC7, 0xFD, 0xAC,
  0x7F, 0xDF, 0x26, 0x9A, 0x4D, 0xEC, 0x26, 0xD2, 0xDC, 0xF5, 0xAF, 0x1E,
  0x7C, 0x57, 0xF0, 0x5F, 0xC3, 0xB8, 0x92, 0x2D, 0x73, 0x51, 0x33, 0xEA,
  0x93, 0x60, 0x5B, 0xE9, 0x56, 0x4B, 0xE7, 0x5D, 0xDC, 0x13, 0xD0, 0x2C,
  0x63, 0x91, 0x9F, 0x53, 0x81, 0xEF, 0x5E, 0x33, 0xE3, 0x0F, 0xDA, 0x73,
  0xC6, 0x7E, 0x11, 0xB6, 0x8A, 0x7D, 0x5F, 0xE0, 0xE5, 0xE6, 0x8B, 0x06,
  0xA2, 0x8C, 0x34, 0xE9, 0xB5, 0x2B, 0xDD, 0xBB, 0x9C, 0x63, 0x99, 0x14,
  0x27, 0x18, 0xC8, 0x25, 0x72, 0x0F, 0xF3, 0xAE, 0x2A, 0xD7, 0xC6, 0xDE,
  0x17, 0xF0, 0x33, 0x4C, 0xDF, 0x0E, 0xB4, 0x46, 0xBD, 0xD6, 0xA6, 0xC9,
  0xB9, 0xF1, 0x4E, 0xBD, 0xFB, 0xFB, 0xDB, 0x86, 0x23, 0x96, 0x50, 0x7E,
  0xE0, 0x3F, 0xFE, 0xB0, 0x6B, 0xCA, 0x7E, 0x27, 0xF8, 0xB7, 0xC4, 0x3E,
  0x26, 0xD1, 0xE3, 0x1E, 0x22, 0xD7, 0xAE, 0xB5, 0x29, 0x05, 0xC0, 0x92,
  0x28, 0xE7, 0x93, 0x2A, 0x87, 0x04, 0x12, 0xA8, 0x38, 0x1C, 0x1C, 0x70,
  0x2B, 0xA1, 0x51, 0x69, 0x5D, 0x9C, 0xEE, 0xBA, 0x6E, 0xC8, 0xFA, 0x83,
  0xC3, 0x9E, 0x11, 0xF8, 0x9D, 0xF1, 0x27, 0x49, 0x1E, 0x20, 0xD4, 0xBE,
  0x3D, 0xCD, 0x69, 0xE6, 0x1C, 0x1B, 0x3F, 0x0D, 0x5B, 0x08, 0xE1, 0xB7,
  0x38, 0x07, 0x6E, 0xF3, 0x86, 0x6E, 0xBD, 0x48, 0xE7, 0xD4, 0xF5, 0xA9,
  0xB5, 0x7B, 0x4F, 0x8E, 0x1F, 0x08, 0xED, 0xCE, 0xBD, 0x69, 0xE2, 0xC5,
  0xF8, 0x95, 0xE1, 0xFB, 0x70, 0x5E, 0xEB, 0x4C, 0xD4, 0x21, 0x10, 0xDF,
  0x08, 0xC0, 0xCB, 0x34, 0x4E, 0xB9, 0x2E, 0x40, 0x04, 0xF7, 0xE0, 0x7D,
  0xD3, 0x5E, 0x31, 0xE0, 0xAF, 0x1E, 0x1F, 0x0D, 0xFC, 0x3E, 0xD0, 0x2C,
  0x5B, 0x55, 0xBA, 0xD3, 0x2D, 0x35, 0xBD, 0x42, 0xCA, 0xD3, 0x50, 0xBD,
  0xB4, 0x7D, 0x92, 0xC7, 0x6A, 0xA9, 0x21, 0x65, 0x47, 0xFE, 0x06, 0x66,
  0x0A, 0xBB, 0xBA, 0x81, 0x9C, 0x11, 0xD6, 0xBA, 0x7D, 0x73, 0xC6, 0x96,
  0x5A, 0x7F, 0xC5, 0x4B, 0x2D, 0x0B, 0xC0, 0xD7, 0xDA, 0xA4, 0x9A, 0x3D,
  0xD5, 0xAB, 0x5D, 0x5C, 0x5A, 0x5F, 0x5E, 0xBD, 0xD7, 0xD9, 0x67, 0x88,
  0x83, 0x1D, 0xC4, 0x65, 0xD9, 0xDA, 0x32, 0x79, 0x52, 0x37, 0x61, 0x81,
  0xE9, 0xCD, 0x4B, 0x83, 0xB9, 0x6A, 0x6A, 0xD7, 0x67, 0xD1, 0x5E, 0x07,
  0xF8, 0xB7, 0xE0, 0x0F, 0x88, 0x36, 0xB6, 0xED, 0xE1, 0xDF, 0x11, 0x5A,
  0x49, 0x7B, 0x2C, 0x4B, 0x23, 0x69, 0xF2, 0xC8, 0x12, 0xE6, 0x32, 0x46,
  0x4A, 0x94, 0x3C, 0x92, 0x3A, 0x12, 0x32, 0x3D, 0xEB, 0xBB, 0xAF, 0xCE,
  0xBF, 0x09, 0xEA, 0x9E, 0x04, 0x64, 0xF1, 0x1E, 0x8B, 0xE2, 0x7F, 0x0C,
  0xC9, 0x73, 0x6F, 0xFD, 0xB3, 0x2D, 0xC5, 0x86, 0xA7, 0xA7, 0x48, 0x21,
  0xB9, 0xD3, 0xF3, 0xDA, 0x36, 0x18, 0x24, 0x02, 0x01, 0xC6, 0x71, 0xED,
  0x5E, 0xE3, 0xE1, 0x0F, 0x8B, 0x3E, 0x31, 0xF0, 0x9C, 0x39, 0xBB, 0xBD,
  0x7F, 0x89, 0xBE, 0x0F, 0x8C, 0x0F, 0xF4, 0xEB, 0x44, 0x0B, 0xAB, 0xE9,
  0xEB, 0xFF, 0x00, 0x4D, 0xE1, 0x38, 0x32, 0x00, 0x3F, 0x8B, 0xF1, 0xCF,
  0x6A, 0x25, 0x46, 0x49, 0x5D, 0x09, 0x56, 0x8F, 0x37, 0x2B, 0x3E, 0xA3,
  0xA2, 0xB9, 0x6F, 0x07, 0x7C, 0x42, 0xF0, 0x6F, 0x8F, 0xB4, 0xFF, 0x00,
  0xB6, 0x78, 0x53, 0x5F, 0xB6, 0xD4, 0x40, 0x19, 0x92, 0x15, 0x6D, 0xB3,
  0x43, 0xEC, 0xF1, 0x9C, 0x32, 0xFE, 0x22, 0xBA, 0x9A, 0xC0, 0xDC, 0x28,
  0xA2, 0x8A, 0x00, 0xE3, 0x7E, 0x26, 0xF8, 0x0E, 0xC7, 0xE2, 0x47, 0xC3,
  0xCD, 0x47, 0xC2, 0xD7, 0xAC, 0xB1, 0x49, 0x32, 0x89, 0x2D, 0x6E, 0x08,
  0xCF, 0xD9, 0xE7, 0x5E, 0x51, 0xFE, 0x99, 0xE0, 0xFA, 0x82, 0x47, 0x7A,
  0xFC, 0xCC, 0xD7, 0x34, 0x4D, 0x53, 0xC3, 0x7A, 0xF5, 0xEE, 0x83, 0xAD,
  0x5A, 0x35, 0xA6, 0xA3, 0x63, 0x29, 0x86, 0x78, 0x5B, 0xF8, 0x58, 0x77,
  0x1E, 0xA0, 0x8C, 0x10, 0x7B, 0x82, 0x0D, 0x7E, 0xB2, 0xD7, 0x8A, 0x7C,
  0x74, 0xF8, 0x17, 0x63, 0xF1, 0x47, 0x4C, 0x5D, 0x5F, 0x48, 0x68, 0xAC,
  0x3C, 0x57, 0x67, 0x1E, 0xD8, 0x67, 0x61, 0x84, 0xBB, 0x41, 0xC8, 0x8A,
  0x5C, 0x7F, 0xE3, 0xAD, 0xDB, 0x3D, 0xC1, 0xAD, 0xE9, 0x54, 0xE5, 0xD1,
  0xEC, 0x63, 0x52, 0x9F, 0x36, 0xA8, 0xFC, 0xF1, 0x24, 0xD7, 0xD0, 0x3F,
  0xB2, 0x23, 0x13, 0xF1, 0xCE, 0xE0, 0x7F, 0xD4, 0x1E, 0x7F, 0xFD, 0x19,
  0x15, 0x78, 0x4E, 0xAD, 0xA5, 0xEA, 0x3A, 0x26, 0xAF, 0x77, 0xA4, 0x6A,
  0xF6, 0x72, 0xD9, 0x6A, 0x16, 0x72, 0x18, 0xA7, 0xB7, 0x94, 0x61, 0xA3,
  0x61, 0xD8, 0xFF, 0x00, 0x8F, 0x42, 0x39, 0x15, 0xEE, 0xBF, 0xB2, 0x17,
  0xFC, 0x97, 0x4B, 0x8F, 0xFB, 0x03, 0xCF, 0xFF, 0x00, 0xA3, 0x22, 0xAE,
  0x8A, 0x8F, 0xDD, 0x67, 0x3C, 0x15, 0xA4, 0x8F, 0xA3, 0x7E, 0x16, 0x73,
  0xE3, 0xCF, 0x8D, 0x40, 0xFF, 0x00, 0xD0, 0x70, 0x7F, 0xE8, 0x81, 0x5F,
  0x9E, 0xAC, 0xC7, 0x24, 0x67, 0xB9, 0xAF, 0xD0, 0xAF, 0x85, 0xBF, 0xF2,
  0x3E, 0x7C, 0x6A, 0x1F, 0xF5, 0x1B, 0x1F, 0xFA, 0x4E, 0x2B, 0xF3, 0xC8,
  0xE7, 0x9F, 0xA9, 0xAC, 0xE8, 0xBD, 0xCD, 0x6B, 0x2B, 0xD8, 0x5C, 0xFB,
  0xD7, 0xBC, 0x7E, 0xCD, 0x7F, 0x09, 0xA6, 0xF1, 0xD7, 0x8E, 0x23, 0xF1,
  0x46, 0xAD, 0x6D, 0x9F, 0x0D, 0xE8, 0x73, 0x09, 0x1B, 0x78, 0xF9, 0x6E,
  0xEE, 0x47, 0x29, 0x18, 0xF5, 0x0B, 0xC3, 0x37, 0xE0, 0x3B, 0xD7, 0x21,
  0xF0, 0x7B, 0xE0, 0xFE, 0xB7, 0xF1, 0x63, 0xC4, 0xC6, 0xDE, 0x02, 0xF6,
  0x5A, 0x15, 0xA3, 0x03, 0x7F, 0xA8, 0xED, 0xC8, 0x41, 0xD7, 0xCB, 0x4C,
  0xF0, 0x64, 0x23, 0xF2, 0x1C, 0x9E, 0xC0, 0xFE, 0x8C, 0xF8, 0x73, 0xC3,
  0x9A, 0x37, 0x84, 0xBC, 0x39, 0x65, 0xE1, 0xED, 0x02, 0xC9, 0x2C, 0xB4,
  0xEB, 0x34, 0xD9, 0x14, 0x49, 0xFA, 0x92, 0x7B, 0xB1, 0x39, 0x24, 0x9E,
  0x49, 0x34, 0xEA, 0xD4, 0xB2, 0xB2, 0x15, 0x3A, 0x7A, 0xDD, 0x9A, 0xD4,
  0x51, 0x45, 0x71, 0x9D, 0x41, 0x45, 0x14, 0x8C, 0xCA, 0x88, 0x5D, 0x98,
  0x2A, 0xA8, 0xC9, 0x24, 0xE0, 0x01, 0x40, 0x0B, 0x50, 0x5D, 0xDE, 0x5A,
  0x69, 0xF6, 0x72, 0xDE, 0xDF, 0xDD, 0x43, 0x69, 0x6B, 0x0A, 0xEE, 0x92,
  0x69, 0xDC, 0x22, 0x20, 0xF5, 0x2C, 0x78, 0x02, 0xBC, 0x97, 0xC5, 0x9F,
  0x1F, 0x7C, 0x35, 0xA6, 0x6A, 0x12, 0x78, 0x7F, 0xC1, 0x56, 0x73, 0xF8,
  0xE3, 0xC4, 0x60, 0x11, 0xF6, 0x4D, 0x2C, 0x83, 0x04, 0x27, 0xD6, 0x59,
  0xFE, 0xEA, 0x01, 0xDF, 0x19, 0xC7, 0x7C, 0x57, 0x80, 0xF8, 0xA3, 0xC5,
  0x90, 0xEB, 0xBA, 0xA2, 0xDF, 0xFC, 0x5B, 0xD6, 0xCF, 0x89, 0xE5, 0x89,
  0xF7, 0xC1, 0xE1, 0x5D, 0x12, 0x43, 0x1E, 0x9D, 0x68, 0x73, 0xC7, 0x9B,
  0x26, 0x7F, 0x7A, 0xC3, 0xF1, 0xFA, 0xE3, 0x8A, 0xD6, 0x14, 0xA5, 0x3D,
  0x8C, 0x67, 0x5A, 0x30, 0xDC, 0xF6, 0x7F, 0x15, 0x7C, 0x75, 0x6D, 0x73,
  0x5C, 0xB3, 0xF0, 0x47, 0xC1, 0x21, 0x65, 0xE2, 0x7F, 0x11, 0x5E, 0x86,
  0x69, 0x6F, 0xD9, 0x89, 0xB3, 0xD3, 0x62, 0x5E, 0x0C, 0x8E, 0xDD, 0x1B,
  0x19, 0xED, 0xC7, 0x4E, 0xA4, 0x80, 0x64, 0x8F, 0xE0, 0xEF, 0xC5, 0x3B,
  0xE4, 0x17, 0x7A, 0xE7, 0xC7, 0xED, 0x76, 0x3B, 0xF7, 0xE5, 0x93, 0x4E,
  0xB6, 0x48, 0x60, 0x43, 0xE8, 0x14, 0x11, 0x91, 0xF8, 0x0A, 0xF9, 0xAF,
  0xC1, 0x9E, 0x2F, 0x3A, 0x5D, 0xF7, 0xC4, 0x2F, 0x10, 0xF8, 0x7B, 0x49,
  0xB7, 0xB4, 0x9F, 0xCE, 0xFB, 0x54, 0x16, 0x09, 0x18, 0xDA, 0x91, 0xC4,
  0xAE, 0xD0, 0xC7, 0xB5, 0x70, 0x0A, 0x2B, 0xED, 0x62, 0x31, 0xCE, 0xC1,
  0x9A, 0xF4, 0x47, 0xF8, 0x8D, 0xA1, 0xE8, 0x1F, 0x0C, 0x74, 0x6F, 0x18,
  0x78, 0x77, 0xC4, 0xFE, 0x21, 0xBF, 0xF1, 0xD4, 0xAD, 0x6C, 0xF3, 0x9B,
  0xBB, 0xF7, 0x9A, 0x1D, 0x46, 0x47, 0x75, 0x12, 0xC2, 0xF1, 0x16, 0x29,
  0xB0, 0x82, 0xE1, 0x42, 0x2A, 0xB2, 0x60, 0x72, 0x31, 0xCD, 0x38, 0x35,
  0xA2, 0x05, 0x34, 0xF7, 0x2E, 0xEB, 0xFF, 0x00, 0x1A, 0x3C, 0x77, 0xF0,
  0x43, 0xC4, 0x83, 0x44, 0xF1, 0x17, 0x88, 0xB4, 0xDF, 0x89, 0x5A, 0x73,
  0x87, 0x44, 0x75, 0x5F, 0xB2, 0x5E, 0x5B, 0xBA, 0xFF, 0x00, 0x0B, 0x95,
  0x52, 0xA4, 0x72, 0x33, 0xF7, 0x8F, 0xB8, 0x3C, 0x57, 0xA3, 0x69, 0x7F,
  0xB4, 0x09, 0xB0, 0x6B, 0x35, 0xF8, 0xA3, 0xE0, 0x1D, 0x67, 0xC0, 0x70,
  0xDE, 0x81, 0xE4, 0x6A, 0x17, 0x2A, 0x67, 0xB4, 0x62, 0x7A, 0x07, 0x75,
  0x50, 0x63, 0x3C, 0x8E, 0x08, 0xFA, 0xE2, 0xBE, 0x44, 0xF8, 0xA1, 0x77,
  0x6E, 0x7E, 0x2E, 0x5A, 0x4B, 0x91, 0x1D, 0xBC, 0x33, 0x79, 0x81, 0x58,
  0xE4, 0x46, 0x0C, 0xEC, 0x46, 0x7F, 0x4F, 0xCA, 0xBD, 0x63, 0x49, 0xF8,
  0xC9, 0xE3, 0x1B, 0x28, 0x5E, 0xCF, 0x56, 0xB9, 0x83, 0xC4, 0xDA, 0x4D,
  0xC0, 0xDB, 0x35, 0x9E, 0xAA, 0x82, 0x64, 0x95, 0x4F, 0x6D, 0xD8, 0xCF,
  0xE7, 0x91, 0xED, 0x57, 0xEC, 0x6E, 0xB4, 0x23, 0xDB, 0x28, 0xEE, 0x7D,
  0x99, 0x65, 0x7D, 0x65, 0xA9, 0x58, 0xC3, 0x7F, 0xA7, 0x5D, 0xC3, 0x79,
  0x69, 0x3A, 0xEF, 0x8A, 0x78, 0x24, 0x0E, 0x92, 0x2F, 0xA8, 0x61, 0xC1,
  0x15, 0x62, 0xBE, 0x43, 0xF0, 0xD6, 0xA3, 0xA5, 0xD9, 0x5F, 0x1D, 0x4F,
  0xE0, 0xE7, 0x88, 0x97, 0xC1, 0xBA, 0xAC, 0xAF, 0xBE, 0x7F, 0x08, 0xEB,
  0x72, 0x97, 0xD2, 0xEF, 0x8F, 0x52, 0x21, 0x7F, 0xF9, 0x64, 0xC7, 0xB6,
  0x08, 0xF4, 0xC0, 0x15, 0xEE, 0x1E, 0x09, 0xF8, 0xBB, 0xA6, 0xF8, 0x8B,
  0x58, 0x3E, 0x14, 0xF1, 0x36, 0x99, 0x3F, 0x84, 0x7C, 0x65, 0x08, 0x1E,
  0x66, 0x91, 0xA8, 0x10, 0x3C, 0xEF, 0xF6, 0xA0, 0x93, 0xEE, 0xCA, 0xBF,
  0x4E, 0x7D, 0xB1, 0xCD, 0x61, 0x28, 0x38, 0xEE, 0x6D, 0x19, 0xA9, 0x6C,
  0x7A, 0x65, 0x14, 0x51, 0x50, 0x58, 0x51, 0x45, 0x14, 0x00, 0x51, 0x48,
  0x48, 0x1D, 0x6B, 0x9E, 0xF1, 0x5F, 0x8B, 0xB4, 0x7F, 0x07, 0x78, 0x6E,
  0xF3, 0x5F, 0xD6, 0xEE, 0x7C, 0x9B, 0x3B, 0x55, 0xC9, 0xC7, 0x2D, 0x23,
  0x1F, 0xBA, 0x8A, 0x3B, 0xB1, 0x3C, 0x01, 0x54, 0xA2, 0xE5, 0xA2, 0x22,
  0x53, 0x8C, 0x15, 0xD9, 0xD0, 0x92, 0x00, 0xC9, 0x38, 0x02, 0xBC, 0x6B,
  0xC6, 0x9F, 0xB4, 0x7F, 0xC3, 0xEF, 0x09, 0xEA, 0x87, 0x47, 0xB0, 0x37,
  0x9E, 0x29, 0xD4, 0xD4, 0x1D, 0xF0, 0x68, 0xA8, 0xB3, 0x2C, 0x47, 0xD1,
  0x9F, 0x21, 0x73, 0xEC, 0x32, 0x47, 0x71, 0x5F, 0x36, 0xFC, 0x40, 0xF8,
  0xF3, 0xE3, 0x2F, 0x88, 0xD2, 0x5C, 0x68, 0x91, 0xEA, 0x36, 0xDE, 0x12,
  0xF0, 0xD5, 0xC7, 0xCA, 0xD0, 0xE2, 0x46, 0x92, 0x64, 0xCF, 0xDD, 0x96,
  0x58, 0xD4, 0xB0, 0x0D, 0xDC, 0x28, 0x03, 0xB1, 0xCF, 0x7E, 0xB7, 0xE1,
  0x7D, 0x97, 0xC3, 0x8B, 0x14, 0xB1, 0xB3, 0xF8, 0x85, 0xE1, 0x8B, 0x43,
  0xA7, 0x5F, 0x4C, 0x21, 0xD3, 0xF5, 0x7B, 0x6B, 0x85, 0xBA, 0xD1, 0xA4,
  0x97, 0xB4, 0x6E, 0xCB, 0x83, 0x1C, 0xA7, 0xD2, 0x5E, 0xBE, 0xD5, 0xAB,
  0xA5, 0xCB, 0xF1, 0x19, 0xC6, 0xAA, 0x9F, 0xC0, 0x72, 0x5A, 0xC7, 0xC4,
  0xB6, 0xF1, 0xFE, 0xAC, 0xFA, 0xB7, 0x8F, 0x16, 0x6B, 0xDD, 0x4E, 0xCE,
  0x56, 0x36, 0x5E, 0x12, 0x9A, 0x27, 0x82, 0xC7, 0x4F, 0x1F, 0xC3, 0x2C,
  0xA0, 0xE1, 0xAE, 0x1C, 0x8E, 0xC4, 0x01, 0xEB, 0xC1, 0xC5, 0x73, 0x1E,
  0x24, 0xF1, 0x7C, 0xD7, 0x77, 0x3F, 0xDA, 0x1E, 0x22, 0xD5, 0x1A, 0x79,
  0xC2, 0xED, 0x8E, 0x3F, 0xEE, 0x28, 0xE8, 0xB1, 0xA0, 0xE1, 0x14, 0x7A,
  0x00, 0x05, 0x7A, 0x47, 0xED, 0x33, 0xE0, 0x8D, 0x2B, 0xC3, 0x12, 0x69,
  0xC7, 0xC2, 0xE8, 0xE7, 0xC9, 0x8C, 0xDC, 0x98, 0x9E, 0x62, 0xEF, 0xA7,
  0x20, 0x60, 0x00, 0x89, 0x8E, 0x5B, 0xCB, 0x6C, 0xB7, 0xEE, 0xC9, 0x2A,
  0xA5, 0x72, 0xA1, 0x72, 0x41, 0xF9, 0xBE, 0xD3, 0x52, 0x86, 0xCD, 0xD6,
  0xE9, 0x60, 0x5B, 0x9B, 0xF9, 0x0F, 0xFA, 0xD9, 0xC7, 0x98, 0x43, 0x1F,
  0xEE, 0xAF, 0x4C, 0xFB, 0x9C, 0x9A, 0xE8, 0xA4, 0xF4, 0xD1, 0x1C, 0xF5,
  0x63, 0xEF, 0x5D, 0xBB, 0x9D, 0x33, 0x5E, 0x6B, 0x5A, 0x9C, 0x1F, 0x68,
  0x8B, 0xCB, 0xD0, 0xF4, 0xD3, 0xFF, 0x00, 0x2F, 0x57, 0x5C, 0xBB, 0x8F,
  0xF6, 0x57, 0xA9, 0xFC, 0x07, 0xE3, 0x5C, 0xC5, 0xF2, 0xD8, 0xF9, 0xC5,
  0x2D, 0x8D, 0xCD, 0xE4, 0xD2, 0x1D, 0x8B, 0x2C, 0xDC, 0xC9, 0x2B, 0x1E,
  0x06, 0x14, 0x67, 0x1C, 0xF4, 0x1C, 0x9A, 0xF6, 0x0F, 0x07, 0xFC, 0x06,
  0xF8, 0xB1, 0xF1, 0x1A, 0x58, 0xB5, 0x0B, 0xDB, 0x43, 0xE1, 0xFD, 0x36,
  0x4C, 0x1F, 0xB6, 0xEA, 0xC0, 0x89, 0x19, 0x7F, 0xD8, 0x8B, 0xEF, 0x1F,
  0x6C, 0x85, 0x1E, 0xF5, 0xF5, 0x57, 0xC3, 0x4F, 0xD9, 0xF3, 0xC0, 0x7F,
  0x0E, 0x26, 0x87, 0x54, 0x8E, 0x07, 0xD6, 0xF5, 0xF8, 0xF9, 0x1A, 0x95,
  0xF0, 0x04, 0xC6, 0x7D, 0x62, 0x4F, 0xBB, 0x1F, 0xD7, 0x96, 0xF7, 0xA5,
  0x3A, 0xB1, 0x8F, 0x9B, 0x2A, 0x14, 0xA4, 0xFC, 0x91, 0xF0, 0xE5, 0xEC,
  0x7E, 0x29, 0xF8, 0x79, 0x0F, 0xFC, 0x23, 0x3E, 0x3A, 0xF0, 0xB4, 0xF1,
  0xD8, 0xDD, 0xA2, 0xCC, 0x96, 0xF7, 0xA8, 0x55, 0x48, 0x38, 0x61, 0xB5,
  0xFA, 0x70, 0x7A, 0x8E, 0xAA, 0x72, 0x38, 0x39, 0xAA, 0xD1, 0xF8, 0xC6,
  0x1B, 0x0D, 0x16, 0xF2, 0x1F, 0x08, 0xF8, 0x75, 0x34, 0xB4, 0x90, 0x05,
  0xB9, 0xBD, 0x42, 0xD2, 0xB2, 0x82, 0x70, 0x01, 0x73, 0xD3, 0x9E, 0x99,
  0x38, 0xCF, 0x6C, 0xD7, 0xE9, 0x8E, 0xAD, 0xA3, 0xBE, 0xA0, 0x8C, 0xA1,
  0xE0, 0x9A, 0x27, 0xC1, 0x6B, 0x6B, 0xC8, 0x44, 0xD1, 0x13, 0xEA, 0x01,
  0x1C, 0x56, 0x44, 0xBE, 0x12, 0x96, 0xEF, 0x46, 0xB9, 0xD0, 0xAE, 0x2D,
  0x74, 0x88, 0x74, 0x9B, 0xA5, 0x31, 0xCF, 0x6B, 0x0D, 0x9A, 0xEC, 0x95,
  0x4F, 0x50, 0x57, 0x18, 0xAC, 0x55, 0x43, 0x7F, 0x66, 0x7E, 0x65, 0xD9,
  0x25, 0xD5, 0xAA, 0x09, 0x74, 0xFB, 0xDE, 0x4F, 0x2E, 0xAD, 0xCA, 0x39,
  0xAD, 0x9B, 0x2F, 0x14, 0x5D, 0x69, 0xB7, 0xB1, 0x5D, 0x16, 0xB8, 0xD3,
  0x2F, 0x23, 0x39, 0x4B, 0x8B, 0x77, 0x23, 0x07, 0xD8, 0x8E, 0x45, 0x7D,
  0x57, 0xE2, 0xFF, 0x00, 0xD8, 0xFB, 0xC3, 0xB7, 0x61, 0xEE, 0xFC, 0x09,
  0xE2, 0x0B, 0x9D, 0x06, 0xEF, 0x19, 0xFB, 0x35, 0xC8, 0x33, 0xDB, 0xB1,
  0xF6, 0xFE, 0x34, 0x1F, 0x8B, 0x7D, 0x2B, 0xE7, 0xDF, 0x17, 0x7C, 0x19,
  0xF8, 0xB3, 0xE0, 0x95, 0x92, 0x4D, 0x5B, 0xC2, 0xCF, 0xAA, 0x58, 0x27,
  0x5B, 0xCD, 0x33, 0xFD, 0x22, 0x3C, 0x7A, 0x90, 0xA3, 0x72, 0xFF, 0x00,
  0xC0, 0x94, 0x57, 0x4C, 0x2B, 0x45, 0xED, 0xA1, 0xCB, 0x3A, 0x32, 0xEB,
  0xA9, 0x56, 0xF7, 0xC6, 0x76, 0xF7, 0xA5, 0xB5, 0xE9, 0xA1, 0x48, 0xB5,
  0xEB, 0x65, 0x2F, 0x06, 0xB7, 0xA4, 0xCB, 0xF6, 0x3B, 0xB5, 0x71, 0xD0,
  0xBE, 0xCF, 0x96, 0x4E, 0x71, 0x9C, 0xA8, 0x27, 0xD6, 0xBD, 0x47, 0xC3,
  0x1F, 0x1C, 0x3E, 0x28, 0xCF, 0xA4, 0x59, 0xDC, 0xCF, 0xF1, 0x47, 0xC3,
  0xFF, 0x00, 0x6C, 0xF2, 0xC6, 0xFB, 0x1D, 0x5F, 0x4A, 0x31, 0x8C, 0xF6,
  0x06, 0x58, 0xC0, 0xC9, 0x23, 0x07, 0x3C, 0x75, 0xAF, 0x99, 0x9A, 0x4B,
  0x09, 0x24, 0x65, 0x78, 0x9A, 0x19, 0x07, 0x04, 0x0E, 0x30, 0x7D, 0xC5,
  0x48, 0xB7, 0x6D, 0x10, 0xC4, 0x57, 0xAC, 0xC0, 0x74, 0x0D, 0x54, 0xE3,
  0x09, 0x3B, 0xC9, 0x10, 0x9C, 0xE0, 0xAD, 0x16, 0x7D, 0x99, 0x6D, 0xFB,
  0x43, 0xFC, 0x49, 0xB7, 0x03, 0xED, 0x5E, 0x15, 0xF0, 0x86, 0xB2, 0x3B,
  0xBE, 0x9D, 0xAF, 0xA4, 0x39, 0xFC, 0x24, 0x24, 0xD4, 0x1A, 0x87, 0xED,
  0x77, 0x79, 0xA3, 0x39, 0x8B, 0x55, 0xF8, 0x6A, 0xB1, 0xCA, 0x41, 0xC0,
  0x83, 0x5C, 0x86, 0x6C, 0x1C, 0x71, 0x9D, 0x8A, 0x70, 0x2B, 0xE3, 0x97,
  0xBD, 0x76, 0x5F, 0x9E, 0x52, 0xD5, 0x77, 0xC3, 0xDE, 0x1B, 0xF1, 0x1F,
  0x8C, 0xB5, 0x55, 0xD3, 0x3C, 0x2F, 0xA2, 0x5D, 0xEA, 0xD7, 0x2C, 0x71,
  0xB2, 0xDA, 0x32, 0xC1, 0x3D, 0xD9, 0xBE, 0xEA, 0x8F, 0x72, 0x40, 0xAC,
  0xA5, 0x4E, 0x9A, 0x36, 0x85, 0x4A, 0xAD, 0xEA, 0x7B, 0x13, 0xFE, 0xD2,
  0x1F, 0x1C, 0xBC, 0x5D, 0xE2, 0xDB, 0x5B, 0x2F, 0x0D, 0x5E, 0xC1, 0x6B,
  0x73, 0x77, 0x38, 0x8E, 0xD3, 0x4C, 0xB1, 0xB2, 0x8E, 0x40, 0xC4, 0xF4,
  0x52, 0xD2, 0x02, 0xC4, 0x7A, 0x92, 0x40, 0x1C, 0x9E, 0x05, 0x7D, 0xE3,
  0xA1, 0x8D, 0x60, 0x78, 0x77, 0x4E, 0x1E, 0x21, 0x6B, 0x76, 0xD6, 0x05,
  0xBC, 0x7F, 0x6C, 0x36, 0xA0, 0x88, 0x8C, 0xDB, 0x46, 0xFD, 0x99, 0xE7,
  0x19, 0xCE, 0x2B, 0xE2, 0xBD, 0x1F, 0x5A, 0xF0, 0xCF, 0xEC, 0xD7, 0xA6,
  0xB5, 0xBD, 0xB4, 0x1A, 0x7F, 0x8B, 0x3E, 0x28, 0x5F, 0x29, 0x5B, 0xB3,
  0x1C, 0xDB, 0xAD, 0xF4, 0x78, 0xF8, 0xFD, 0xD1, 0x61, 0xC9, 0x63, 0xDC,
  0x0C, 0x12, 0x47, 0x24, 0x00, 0x33, 0xA1, 0xF0, 0x9B, 0xF6, 0x8E, 0xF8,
  0x85, 0xAC, 0x7C, 0x67, 0xD2, 0x74, 0x6F, 0x16, 0xDF, 0xDB, 0x5F, 0x69,
  0x3A, 0xE4, 0xDF, 0x64, 0x10, 0x45, 0x6C, 0x91, 0x0B, 0x69, 0x18, 0x1D,
  0x8C, 0x84, 0x0D, 0xC4, 0x6E, 0xC0, 0x3B, 0x89, 0xE0, 0xFA, 0x8A, 0xC6,
  0x50, 0xBA, 0xBC, 0x56, 0x86, 0xF1, 0x95, 0x9D, 0xA4, 0xF5, 0x36, 0x7F,
  0x6C, 0x7F, 0x04, 0x5B, 0x25, 0xBE, 0x89, 0xF1, 0x0A, 0xCE, 0x05, 0x49,
  0xDA, 0x5F, 0xEC, 0xDB, 0xE6, 0x51, 0x8F, 0x30, 0x15, 0x2D, 0x13, 0x1F,
  0x71, 0xB5, 0x97, 0x3E, 0x84, 0x0E, 0xD5, 0xC0, 0xFE, 0xC8, 0x67, 0x1F,
  0x1D, 0x6E, 0x07, 0xAE, 0x8F, 0x3F, 0xFE, 0x8C, 0x8A, 0xBE, 0xC7, 0xF8,
  0x8D, 0xE1, 0x5F, 0x09, 0xF8, 0xF3, 0xC3, 0x23, 0xC1, 0x5E, 0x2A, 0xBD,
  0x16, 0xCB, 0xA9, 0x3E, 0xFB, 0x50, 0x93, 0xAC, 0x53, 0x19, 0x63, 0xE7,
  0x74, 0x60, 0xFD, 0xE2, 0x33, 0xC8, 0xC1, 0xE0, 0xF3, 0x5E, 0x4D, 0xF0,
  0x8F, 0xF6, 0x78, 0xD5, 0xBE, 0x15, 0x7C, 0x5C, 0x9F, 0xC4, 0x49, 0xE2,
  0x0B, 0x6D, 0x5B, 0x45, 0x92, 0xC2, 0x5B, 0x64, 0xCC, 0x66, 0x2B, 0x85,
  0x66, 0x74, 0x23, 0x72, 0xF2, 0xA4, 0x61, 0x4F, 0x20, 0xFE, 0x14, 0x94,
  0xD7, 0x27, 0x2B, 0x07, 0x0F, 0x7F, 0x99, 0x1D, 0x07, 0xC2, 0xBC, 0x7F,
  0xC2, 0x7D, 0xF1, 0xAB, 0xFE, 0xC3, 0x83, 0xFF, 0x00, 0x44, 0x0A, 0xFC,
  0xF3, 0x09, 0x24, 0xB2, 0xAC, 0x30, 0xA1, 0x79, 0x64, 0x7D, 0x88, 0xA3,
  0xF8, 0x98, 0x9C, 0x01, 0xF9, 0xD7, 0xE9, 0x5F, 0x80, 0x7C, 0x23, 0xAE,
  0x68, 0x7E, 0x2F, 0xF8, 0x99, 0x7F, 0xA9, 0xDB, 0x24, 0x36, 0xDA, 0xF6,
  0xAA, 0x2E, 0x6C, 0x5C, 0x48, 0xAD, 0xE6, 0x47, 0xE4, 0x85, 0xDC, 0x40,
  0xE5, 0x79, 0xE3, 0x07, 0x9E, 0x2B, 0xC6, 0xBC, 0x09, 0xFB, 0x29, 0xD8,
  0x78, 0x5F, 0x51, 0xB7, 0xF1, 0x5F, 0xC4, 0x8F, 0x15, 0x5B, 0x34, 0x7A,
  0x74, 0xAB, 0x74, 0x2D, 0xAD, 0x5B, 0xCA, 0xB7, 0x46, 0x56, 0x0C, 0x0C,
  0x92, 0xBE, 0x09, 0x00, 0x81, 0xC0, 0x03, 0xEB, 0x45, 0x39, 0xA8, 0xDE,
  0xE1, 0x38, 0xB9, 0x58, 0xFA, 0x0B, 0xE1, 0xB7, 0x82, 0xAC, 0x3E, 0x1E,
  0x7C, 0x3A, 0xD1, 0xFC, 0x2D, 0x65, 0x18, 0x0F, 0x04, 0x41, 0xAE, 0x64,
  0x03, 0x99, 0xA7, 0x61, 0x99, 0x1C, 0x9F, 0x76, 0xCE, 0x3D, 0x80, 0x1D,
  0xAB, 0xCD, 0x3F, 0x69, 0x5F, 0x13, 0xFC, 0x53, 0xF0, 0x87, 0x85, 0xF4,
  0xED, 0x77, 0xC0, 0x77, 0x8B, 0x67, 0xA4, 0x44, 0xEC, 0xBA, 0x9C, 0xF1,
  0x40, 0xB2, 0xCD, 0x11, 0x38, 0xF2, 0xD8, 0xEE, 0x04, 0x08, 0xFA, 0x82,
  0x40, 0xE0, 0x91, 0x93, 0x83, 0x5D, 0xEF, 0xC5, 0xEF, 0x1D, 0x4B, 0xF0,
  0xFB, 0xE1, 0x16, 0xB5, 0xE2, 0xDD, 0x3D, 0x63, 0x9A, 0xF2, 0x18, 0xD2,
  0x3B, 0x4D, 0xDF, 0x32, 0x19, 0x64, 0x60, 0x88, 0xC7, 0xD4, 0x0D, 0xDB,
  0xBD, 0xF1, 0x5F, 0x26, 0x78, 0x3F, 0xF6, 0xA6, 0xF1, 0xBE, 0x9B, 0x72,
  0x6C, 0xFC, 0x7D, 0x05, 0xB7, 0x8B, 0x34, 0x3B, 0x9C, 0xA5, 0xD2, 0x9B,
  0x74, 0x8A, 0x64, 0x46, 0xE1, 0xB6, 0xED, 0x01, 0x1C, 0x60, 0x9F, 0x95,
  0x87, 0x3D, 0x32, 0x2A, 0x61, 0x19, 0x4B, 0xDE, 0xB5, 0xCA, 0x94, 0x94,
  0x7D, 0xD6, 0xCB, 0xDE, 0x0B, 0xFD, 0xAF, 0x7C, 0x67, 0xA5, 0xC6, 0xD6,
  0x7E, 0x2F, 0xD1, 0xED, 0xBC, 0x4C, 0x1B, 0x02, 0x1B, 0x88, 0x9D, 0x6C,
  0xE5, 0x0D, 0xFE, 0xDE, 0x14, 0xA1, 0x1E, 0xF8, 0x1F, 0x8D, 0x7A, 0x3A,
  0xFE, 0xD3, 0x5E, 0x2A, 0xBE, 0x88, 0x3E, 0x99, 0xF0, 0xCE, 0xC0, 0x06,
  0xE8, 0xF7, 0x1E, 0x25, 0xB7, 0x0B, 0xF8, 0xF1, 0x5E, 0x15, 0xF1, 0x07,
  0xE0, 0xE3, 0x5C, 0x4B, 0x71, 0xE3, 0x6F, 0x84, 0x0A, 0xBE, 0x28, 0xF0,
  0x45, 0xD1, 0xF3, 0x51, 0x34, 0xF6, 0xF3, 0x67, 0xD3, 0x98, 0xF2, 0xD1,
  0x3C, 0x5F, 0x7F, 0x03, 0xB7, 0x19, 0x03, 0x00, 0xF4, 0xC9, 0xF1, 0xD5,
  0xBB, 0x68, 0xDD, 0x91, 0xB3, 0x1C, 0xAA, 0x70, 0xC3, 0x18, 0x20, 0xFB,
  0x8E, 0xC6, 0xB7, 0x8C, 0x29, 0xCB, 0x53, 0x09, 0xCA, 0xAC, 0x76, 0x3E,
  0xC4, 0xBF, 0xF8, 0xF1, 0xF1, 0x3E, 0xE1, 0x71, 0xF6, 0xDF, 0x00, 0x78,
  0x66, 0x33, 0xD5, 0xA4, 0xBC, 0x7B, 0xE9, 0x57, 0xE8, 0x23, 0x38, 0x27,
  0xF0, 0xAF, 0x23, 0xF1, 0xB7, 0xC5, 0x1F, 0x15, 0x78, 0x9F, 0x5B, 0x87,
  0x43, 0xF1, 0x47, 0x8C, 0xA4, 0xF1, 0x1E, 0x80, 0x61, 0x2F, 0xE4, 0x69,
  0x91, 0x9D, 0x36, 0x1B, 0x89, 0x33, 0xCA, 0x4B, 0x81, 0xB9, 0xD4, 0x0F,
  0x7E, 0x7D, 0xAB, 0xC7, 0x06, 0xA1, 0x31, 0xE0, 0x5C, 0x15, 0xFD, 0x2A,
  0x29, 0x65, 0x8E, 0x40, 0x1A, 0x7B, 0x86, 0x94, 0x83, 0xD0, 0x76, 0xAD,
  0x95, 0x3A, 0x6B, 0x64, 0x61, 0xCF, 0x55, 0xFC, 0x4C, 0xF4, 0x4B, 0xCF,
  0x1C, 0xFD, 0x9F, 0x4B, 0x3A, 0x45, 0xA4, 0xD0, 0x69, 0x7A, 0x6F, 0xFD,
  0x03, 0xF4, 0xC4, 0xF2, 0xD5, 0xFF, 0x00, 0xDF, 0xC7, 0x2E, 0x7D, 0xD8,
  0x9A, 0xE5, 0x6E, 0x35, 0x0B, 0xEB, 0xB1, 0x8B, 0x78, 0xFE, 0xC7, 0x17,
  0xF7, 0x9B, 0x97, 0x3F, 0x41, 0xDA, 0x99, 0xE1, 0xFD, 0x2B, 0x58, 0xF1,
  0x05, 0xE0, 0xB1, 0xF0, 0xA7, 0x87, 0x2F, 0x35, 0x6B, 0xA3, 0xC6, 0xDB,
  0x58, 0x1A, 0x52, 0x3E, 0xA4, 0x70, 0x3F, 0x12, 0x2B, 0xDD, 0xFC, 0x25,
  0xFB, 0x27, 0xFC, 0x43, 0xD7, 0xBC, 0xBB, 0x8F, 0x17, 0xEA, 0xB6, 0x9E,
  0x19, 0xB3, 0x6C, 0x16, 0x82, 0x22, 0x2E, 0x2E, 0x48, 0xF4, 0xC2, 0x9D,
  0x8B, 0xF8, 0xB1, 0xFA, 0x53, 0x95, 0x58, 0xAD, 0xD8, 0xA3, 0x45, 0xBD,
  0x97, 0xDE, 0x78, 0x3E, 0x91, 0xAB, 0xEA, 0x7E, 0x1B, 0xF1, 0x04, 0x37,
  0xBA, 0x1C, 0xCF, 0x3D, 0xE4, 0x9F, 0x23, 0xC3, 0x83, 0x21, 0x9B, 0xBE,
  0x08, 0x1C, 0x9A, 0xD4, 0xB1, 0xF1, 0xBE, 0x83, 0xA6, 0xEA, 0xBF, 0xDA,
  0xBA, 0x5F, 0x83, 0xAD, 0x2D, 0x75, 0x70, 0xC4, 0xA3, 0xAB, 0x96, 0x11,
  0x3F, 0xAA, 0x21, 0xE1, 0x5B, 0xD3, 0x03, 0x23, 0xB6, 0x2B, 0xEE, 0x9F,
  0x06, 0x7C, 0x01, 0xF0, 0x97, 0xC3, 0xB9, 0xE2, 0xD4, 0x7C, 0x26, 0x0B,
  0x6B, 0x08, 0xBB, 0x5A, 0xFF, 0x00, 0x52, 0x02, 0x79, 0x0E, 0x47, 0x3B,
  0x78, 0x01, 0x33, 0xFE, 0xC8, 0xFC, 0x6B, 0xB4, 0x4F, 0x0D, 0xDE, 0x36,
  0xA0, 0x2F, 0x9E, 0xD7, 0x45, 0x82, 0xEB, 0x39, 0x37, 0x71, 0x59, 0x2B,
  0x4D, 0xF5, 0x04, 0x8E, 0xB5, 0xCA, 0xEA, 0xA6, 0xEE, 0x91, 0xD6, 0xA9,
  0xB4, 0xAC, 0xCF, 0xCD, 0x9F, 0x12, 0xE8, 0x3E, 0x30, 0xB0, 0x7B, 0x2F,
  0x12, 0xF8, 0xBB, 0x41, 0xBD, 0xB0, 0xB6, 0xD6, 0x41, 0x6B, 0x59, 0x6E,
  0x61, 0x28, 0x92, 0x01, 0xC6, 0x00, 0x3C, 0xAF, 0x1C, 0x80, 0x70, 0x48,
  0xE7, 0xA7, 0x35, 0x67, 0x48, 0x85, 0x8C, 0x4A, 0x34, 0x0D, 0x5C, 0x5A,
  0xDC, 0xF7, 0xB0, 0xBE, 0x6C, 0xC5, 0x21, 0xFF, 0x00, 0x61, 0xFB, 0x7D,
  0x0E, 0x3E, 0xB5, 0xFA, 0x65, 0xA9, 0xF8, 0x73, 0x46, 0xD7, 0x7C, 0x3F,
  0x2E, 0x85, 0xE2, 0x0B, 0x18, 0xB5, 0x8B, 0x09, 0x86, 0x25, 0x8A, 0xF1,
  0x44, 0x81, 0xCF, 0xAF, 0x3D, 0x0F, 0xA1, 0x18, 0xC7, 0x6A, 0xF9, 0x7F,
  0xC7, 0xDF, 0xB2, 0x10, 0x12, 0x4B, 0xA8, 0xFC, 0x32, 0xD6, 0x85, 0xBE,
  0x72, 0xDF, 0xD9, 0x3A, 0x93, 0x16, 0x4F, 0xA4, 0x72, 0xF2, 0x47, 0xD1,
  0x81, 0xFF, 0x00, 0x7A, 0xAA, 0x15, 0x56, 0xD2, 0x26, 0x74, 0x9E, 0xF1,
  0x3E, 0x7E, 0x4D, 0x7C, 0x45, 0x75, 0xF6, 0x0D, 0x76, 0xC9, 0xF4, 0xCB,
  0xAE, 0x9F, 0xBC, 0xE6, 0x37, 0xFA, 0x1F, 0x4F, 0xD3, 0xDE, 0xBB, 0xC8,
  0x7C, 0x53, 0x6F, 0x75, 0xA1, 0xC5, 0xA2, 0xF8, 0xCA, 0xD8, 0xEB, 0xBA,
  0x0C, 0x1F, 0x3C, 0x0E, 0xD3, 0x6C, 0xBA, 0xD3, 0xCF, 0xFC, 0xF4, 0xB6,
  0x9F, 0xAA, 0x11, 0xD7, 0x69, 0xCA, 0x9C, 0x74, 0xAF, 0x38, 0xF1, 0x3E,
  0x95, 0xE3, 0x3F, 0x04, 0x5D, 0x0D, 0x0F, 0xC7, 0x3E, 0x1E, 0xB8, 0xB4,
  0x42, 0x48, 0x44, 0xBC, 0x4D, 0xF0, 0xC9, 0xEF, 0x1C, 0x83, 0x20, 0xFF,
  0x00, 0xC0, 0x4D, 0x64, 0x68, 0xB1, 0x45, 0xA8, 0xEB, 0x49, 0x60, 0x90,
  0xDC, 0xDD, 0x69, 0x11, 0x03, 0x73, 0x35, 0x8F, 0xDA, 0x36, 0x09, 0x02,
  0xF3, 0xE5, 0xEF, 0xC7, 0xCA, 0x09, 0xC0, 0xCE, 0x33, 0x82, 0x7B, 0xE2,
  0xB7, 0x6D, 0x35, 0xDC, 0xC1, 0x45, 0xA7, 0xD8, 0xFA, 0x7B, 0xC0, 0x3F,
  0xB4, 0xC3, 0x78, 0x7D, 0xAF, 0xB4, 0x5D, 0x6D, 0x75, 0xCF, 0x1D, 0x78,
  0x7E, 0xCC, 0x81, 0x65, 0xE2, 0x0B, 0x5D, 0x3C, 0xAD, 0xC6, 0xDC, 0x64,
  0xC7, 0x3A, 0xB1, 0x01, 0x99, 0x47, 0xF1, 0x83, 0x93, 0x8E, 0xF9, 0xCD,
  0x7D, 0x29, 0xE0, 0xBF, 0x1F, 0xF8, 0x47, 0xE2, 0x06, 0x8E, 0x35, 0x3F,
  0x0A, 0x6B, 0x50, 0x5F, 0xC6, 0x00, 0xF3, 0x62, 0x07, 0x6C, 0xD0, 0x13,
  0xFC, 0x32, 0x21, 0xF9, 0x94, 0xFD, 0x46, 0x0F, 0x6C, 0xD7, 0x94, 0xDE,
  0xF8, 0x73, 0xE1, 0x8F, 0x80, 0xFE, 0x19, 0x69, 0xDA, 0xAF, 0xC4, 0x24,
  0x83, 0x59, 0xBA, 0xBB, 0x89, 0x22, 0xB4, 0xB6, 0xB3, 0x8D, 0x99, 0x0C,
  0x8E, 0x01, 0x58, 0x2C, 0x2D, 0xD4, 0xE1, 0x40, 0xC8, 0x01, 0x80, 0xDC,
  0x7E, 0xF3, 0xB1, 0x26, 0xBE, 0x6E, 0xD7, 0xAE, 0xB5, 0x5F, 0x09, 0x78,
  0xCD, 0x7C, 0x4B, 0xA3, 0x5F, 0x69, 0xBE, 0x08, 0xD6, 0xED, 0x9C, 0x98,
  0xAD, 0x65, 0xBC, 0x37, 0x3A, 0x8B, 0x47, 0xDA, 0x3B, 0xA8, 0xA1, 0x46,
  0x8C, 0x64, 0x63, 0x2A, 0xF8, 0x3E, 0xB5, 0xC6, 0xA2, 0xA5, 0xB1, 0xD8,
  0xE4, 0xE3, 0xAB, 0xD8, 0xFD, 0x0E, 0xA5, 0xAF, 0x9C, 0x7E, 0x0E, 0x7E,
  0xD1, 0x83, 0xC6, 0x3A, 0x8D, 0xBF, 0x85, 0xBC, 0x67, 0x67, 0x06, 0x9F,
  0xAE, 0xCD, 0xC5, 0xB5, 0xDD, 0xBE, 0x45, 0xBD, 0xE1, 0xC7, 0xDD, 0xC1,
  0xE6, 0x37, 0xF4, 0x1C, 0x83, 0xDB, 0x07, 0x02, 0xBE, 0x89, 0x8A, 0x65,
  0x90, 0x70, 0x6A, 0x65, 0x4E, 0x51, 0xDC, 0x50, 0xAD, 0x19, 0x6C, 0xCA,
  0xF7, 0xD7, 0x02, 0x18, 0xC9, 0xCF, 0x6A, 0xF0, 0x3F, 0x89, 0x5A, 0x7B,
  0x7C, 0x40, 0xF1, 0x0D, 0x86, 0x84, 0xB2, 0xB3, 0x5A, 0xE9, 0xEC, 0xD2,
  0xCB, 0x18, 0xFB, 0xA6, 0x56, 0xC0, 0x5C, 0xFA, 0x90, 0x33, 0xFF, 0x00,
  0x7D, 0x1A, 0xF6, 0xFD, 0x60, 0x31, 0x89, 0xB1, 0xE9, 0x5E, 0x67, 0xE0,
  0x56, 0x86, 0x2F, 0x19, 0xEA, 0xB1, 0x5E, 0xE3, 0xCF, 0xFB, 0x4B, 0x91,
  0xBB, 0xF4, 0xFE, 0xB5, 0xEE, 0xE5, 0xB0, 0x84, 0x29, 0xCE, 0xBB, 0x57,
  0x71, 0x5A, 0x23, 0xE2, 0x38, 0x83, 0x11, 0x5A, 0x55, 0xE9, 0x61, 0x61,
  0x2E, 0x55, 0x37, 0x6B, 0xF6, 0x38, 0xBB, 0x8F, 0x81, 0x16, 0x26, 0xC9,
  0xA4, 0x36, 0x8E, 0x5F, 0x6F, 0x3D, 0x32, 0x7F, 0x0A, 0xF1, 0x4D, 0x63,
  0x49, 0xB9, 0xF8, 0x69, 0xAC, 0x5C, 0xA7, 0x90, 0x6F, 0x3C, 0x39, 0xAA,
  0xAF, 0xD9, 0xB5, 0x3D, 0x35, 0xFF, 0x00, 0xD5, 0xDD, 0x42, 0x7D, 0xBB,
  0x3A, 0xFD, 0xE4, 0x6E, 0xAA, 0xC0, 0x76, 0xEB, 0xF7, 0xFB, 0x98, 0x84,
  0x24, 0x9C, 0x63, 0x15, 0xF2, 0x37, 0xED, 0x01, 0x71, 0x63, 0x24, 0x92,
  0xC1, 0x09, 0x5E, 0x64, 0x27, 0x8E, 0xDD, 0x33, 0xFA, 0x83, 0x5D, 0x14,
  0x31, 0x1F, 0x5E, 0x84, 0xE1, 0x56, 0x2B, 0x45, 0x74, 0xCE, 0x5C, 0x4E,
  0x12, 0x79, 0x36, 0x22, 0x84, 0xA8, 0x55, 0x72, 0x53, 0x76, 0x69, 0xBB,
  0xF4, 0x6E, 0xE8, 0xF2, 0x4D, 0x47, 0xC4, 0xF7, 0x6F, 0xE1, 0xDD, 0x46,
  0xD7, 0x5B, 0xD4, 0x0E, 0xA0, 0xDA, 0x44, 0x6F, 0xA6, 0xA5, 0xCB, 0x8F,
  0x9E, 0xE2, 0x15, 0x18, 0x84, 0xB1, 0xEE, 0x76, 0xB2, 0x8F, 0xC2, 0xBE,
  0xA2, 0xFD, 0x9F, 0x3E, 0x0E, 0x78, 0x6F, 0xC2, 0x9F, 0x0F, 0xB4, 0x2F,
  0x13, 0x6A, 0x7E, 0x1F, 0x89, 0xBC, 0x59, 0x7D, 0x6C, 0x2E, 0x66, 0xB9,
  0xBA, 0x1E, 0x63, 0xC0, 0x18, 0xEE, 0x45, 0x40, 0x78, 0x8C, 0x85, 0x2B,
  0x9C, 0x0C, 0xE7, 0x39, 0x35, 0xE0, 0x9F, 0x05, 0x3E, 0x0F, 0xEA, 0xBF,
  0x11, 0x3C, 0x59, 0x07, 0x88, 0xF5, 0xB8, 0x5A, 0xDF, 0xC2, 0x16, 0x97,
  0x4B, 0x72, 0xC1, 0xC7, 0xFC, 0x84, 0x25, 0x4C, 0x05, 0x8D, 0x47, 0x75,
  0x04, 0x0D, 0xCD, 0xD3, 0xA8, 0x1C, 0x9E, 0x3E, 0xF2, 0xAF, 0x02, 0xBB,
  0xB3, 0xE5, 0x47, 0xDE, 0x61, 0xDF, 0x34, 0x79, 0xDF, 0x51, 0x68, 0xA2,
  0x8A, 0xE5, 0x3A, 0xC2, 0x8A, 0x8E, 0x79, 0xE1, 0xB6, 0xB7, 0x92, 0xE6,
  0xE6, 0x64, 0x86, 0x08, 0x94, 0xBB, 0xC9, 0x23, 0x05, 0x54, 0x50, 0x32,
  0x49, 0x27, 0x80, 0x07, 0xAD, 0x78, 0xBE, 0xA1, 0xFB, 0x49, 0x78, 0x39,
  0xB5, 0x39, 0xB4, 0xDF, 0x07, 0x68, 0x5E, 0x21, 0xF1, 0xBC, 0xF0, 0x36,
  0xD9, 0x1F, 0x43, 0xB1, 0x32, 0xC2, 0xA7, 0xFD, 0xF2, 0x46, 0x7E, 0xA0,
  0x11, 0xEF, 0x4D, 0x26, 0xC0, 0xF6, 0xCA, 0x2B, 0xC4, 0x21, 0xFD, 0xA5,
  0x7C, 0x21, 0x63, 0x3F, 0xD9, 0xFC, 0x71, 0xE1, 0xDF, 0x12, 0xF8, 0x26,
  0x46, 0x52, 0xD1, 0xB6, 0xAF, 0xA7, 0x38, 0x49, 0x70, 0x33, 0x85, 0x29,
  0x92, 0x4F, 0xE1, 0x4E, 0x93, 0xF6, 0x91, 0xF0, 0xD4, 0xC8, 0x0E, 0x8B,
  0xE0, 0x9F, 0x1A, 0xEB, 0x1B, 0x80, 0x28, 0xD6, 0xDA, 0x3B, 0x2A, 0x38,
  0x3D, 0x08, 0x66, 0x61, 0xC1, 0xA7, 0xCA, 0xC4, 0xE4, 0x91, 0xE8, 0xBE,
  0x20, 0xF8, 0x79, 0xE0, 0x5F, 0x15, 0x96, 0x6F, 0x11, 0x78, 0x47, 0x4A,
  0xD4, 0xA4, 0x6E, 0xB2, 0xCD, 0x6A, 0x86, 0x4F, 0xFB, 0xEF, 0x1B, 0xBF,
  0x5A, 0xE0, 0xEE, 0x7F, 0x66, 0x2F, 0x82, 0x97, 0x32, 0xF9, 0x83, 0xC2,
  0x0D, 0x07, 0xFB, 0x30, 0xDF, 0x5C, 0x28, 0xFC, 0xB7, 0xD7, 0x3F, 0xAA,
  0x7C, 0x73, 0xF8, 0x89, 0x2C, 0x1B, 0xF4, 0x6F, 0x84, 0x6D, 0xA5, 0x44,
  0x7A, 0x5D, 0x78, 0x8F, 0x53, 0x8A, 0xD5, 0x07, 0xD5, 0x3A, 0x9F, 0xCE,
  0xBC, 0x9B, 0xC6, 0x3F, 0x19, 0x3E, 0x2A, 0x5C, 0xE8, 0xB7, 0xF1, 0x9F,
  0x89, 0x1A, 0x2D, 0x8D, 0xDB, 0xC6, 0x44, 0x76, 0x3E, 0x1D, 0xB1, 0x69,
  0x39, 0xF4, 0xFB, 0x4B, 0xF2, 0x87, 0x1D, 0xD4, 0x93, 0x5A, 0xC6, 0x9D,
  0x47, 0xB1, 0x8C, 0xAB, 0x53, 0x5A, 0x36, 0x7A, 0xA7, 0x89, 0x7C, 0x13,
  0xFB, 0x30, 0xFC, 0x27, 0x8D, 0x2E, 0x35, 0xFD, 0x07, 0x4E, 0x6B, 0xD3,
  0xCC, 0x36, 0x32, 0xC9, 0x25, 0xED, 0xC4, 0xC7, 0xB0, 0x58, 0x59, 0x9B,
  0x3F, 0x52, 0x00, 0xF7, 0xAF, 0x30, 0xF1, 0xDF, 0xC5, 0xFF, 0x00, 0x11,
  0xCF, 0xE1, 0xF9, 0x34, 0xDD, 0x07, 0x4E, 0x8B, 0xE1, 0x97, 0x85, 0x9D,
  0x08, 0x8E, 0xCE, 0xDA, 0x34, 0x4D, 0x52, 0xF9, 0x4F, 0xA2, 0x2F, 0x16,
  0xEA, 0x7D, 0x78, 0x3E, 0xED, 0xD2, 0xBC, 0x95, 0x3C, 0x6F, 0x61, 0xA6,
  0x40, 0xB7, 0x5E, 0x1A, 0xD3, 0x16, 0xC7, 0x50, 0x9D, 0x01, 0xB8, 0xD4,
  0xAE, 0xA4, 0xFB, 0x55, 0xF4, 0xB2, 0x11, 0xF3, 0x1F, 0x31, 0xFE, 0xE7,
  0x39, 0xE8, 0x33, 0x5C, 0x4E, 0xA5, 0xAB, 0x4F, 0x77, 0x71, 0x25, 0xCD,
  0xDC, 0xCD, 0x2C, 0xAE, 0x77, 0x33, 0x3B, 0x16, 0x24, 0xFA, 0x92, 0x7A,
  0xD7, 0x4C, 0x68, 0xC6, 0x3A, 0xCD, 0xDC, 0xE6, 0x95, 0x79, 0x49, 0xF2,
  0xC1, 0x58, 0xA9, 0x39, 0x8A, 0x2D, 0xD2, 0x22, 0xEC, 0xF9, 0x8B, 0x0C,
  0x9D, 0xC7, 0xF1, 0x3D, 0xFE, 0xB5, 0xF4, 0xD7, 0xC0, 0x3F, 0x80, 0x1E,
  0x32, 0x6F, 0x1D, 0xE8, 0x7E, 0x3D, 0xF1, 0x6D, 0x92, 0xE9, 0x3A, 0x45,
  0x81, 0x17, 0xB6, 0xB0, 0x3C, 0x80, 0xCD, 0x72, 0xE5, 0x73, 0x19, 0xDA,
  0x09, 0xD8, 0xA3, 0x21, 0x8E, 0xEC, 0x1E, 0x00, 0xC7, 0xA3, 0x7E, 0x01,
  0xFE, 0xCE, 0x97, 0xBA, 0xED, 0xED, 0x97, 0x8E, 0xBE, 0x20, 0xD9, 0x9B,
  0x6D, 0x1A, 0x22, 0xB3, 0xD9, 0x69, 0xB3, 0x8C, 0x3D, 0xD9, 0x1C, 0xAB,
  0xC8, 0xA7, 0xEE, 0xC7, 0xDC, 0x29, 0xE5, 0xBB, 0xF1, 0xD7, 0x7F, 0xC6,
  0x5F, 0xB5, 0x96, 0xBD, 0x1F, 0x8A, 0xEE, 0xAD, 0x3C, 0x01, 0xA1, 0x69,
  0x97, 0x5A, 0x2D, 0x94, 0xA6, 0x11, 0x77, 0xA8, 0x6F, 0x2D, 0x76, 0x54,
  0xE0, 0xB2, 0x05, 0x61, 0xB5, 0x7D, 0x33, 0x92, 0x7A, 0xF1, 0x9C, 0x56,
  0x73, 0x93, 0x9B, 0xE5, 0x81, 0xAC, 0x22, 0xA0, 0xB9, 0xA6, 0x63, 0xFE,
  0xD9, 0xD7, 0xB7, 0x5F, 0xF0, 0x9B, 0xF8, 0x42, 0xD1, 0x64, 0x74, 0x8A,
  0x0B, 0x19, 0xAE, 0x23, 0x2A, 0x48, 0xC4, 0x8D, 0x20, 0x04, 0x83, 0xD8,
  0xE1, 0x16, 0xBC, 0x8B, 0x42, 0xF8, 0xF1, 0xF1, 0x6F, 0xC3, 0x91, 0x47,
  0x0D, 0x87, 0x8D, 0xEF, 0x66, 0x86, 0x31, 0x85, 0x8A, 0xF4, 0x25, 0xD0,
  0x03, 0xD3, 0x32, 0x02, 0x7F, 0x5A, 0xE8, 0xBE, 0x2C, 0xFC, 0x54, 0xB2,
  0xF8, 0xCF, 0xE1, 0xFD, 0x2A, 0xEA, 0x6D, 0x11, 0xF4, 0x7F, 0x14, 0xE8,
  0x6D, 0x20, 0x6B, 0x78, 0x9C, 0xCD, 0x15, 0xE5, 0xBB, 0x80, 0x5C, 0xA1,
  0xC0, 0x21, 0x90, 0xA0, 0x6D, 0xA4, 0x7D, 0xD2, 0xC4, 0x13, 0x8C, 0x57,
  0x89, 0x06, 0x0C, 0x32, 0x0F, 0x06, 0x9C, 0x12, 0xE5, 0xB3, 0x41, 0x36,
  0xEF, 0x74, 0xCF, 0x6A, 0x9F, 0xF6, 0xA3, 0xF8, 0xCF, 0x3C, 0x46, 0x35,
  0xF1, 0x15, 0xA4, 0x19, 0xFE, 0x28, 0xB4, 0xF8, 0x81, 0xFD, 0x41, 0xAF,
  0x36, 0xF1, 0x4F, 0x8E, 0x7C, 0x61, 0xE3, 0x22, 0x64, 0xF1, 0x57, 0x89,
  0x75, 0x0D, 0x58, 0x2E, 0x4A, 0xC7, 0x3C, 0xC7, 0xCB, 0x43, 0xEC, 0x83,
  0x0A, 0x3F, 0x01, 0x5C, 0xEF, 0x35, 0xA9, 0xE1, 0xED, 0x22, 0x2D, 0x73,
  0x5D, 0x86, 0xCA, 0xEA, 0xE9, 0x6C, 0xAC, 0x17, 0xF7, 0xB7, 0xD7, 0x6E,
  0x09, 0x5B, 0x6B, 0x75, 0xFF, 0x00, 0x59, 0x21, 0xC7, 0xB7, 0x00, 0x77,
  0x62, 0xA0, 0x72, 0x6A, 0xED, 0x15, 0xAA, 0x44, 0xA7, 0x26, 0xF7, 0x3F,
  0x42, 0xB5, 0x0F, 0x06, 0x5C, 0x7C, 0x4F, 0xFD, 0x96, 0x34, 0xAF, 0x0D,
  0x5C, 0xDC, 0x0B, 0x5D, 0x42, 0xFB, 0x45, 0xB2, 0x96, 0x29, 0xA4, 0xC9,
  0x09, 0x3A, 0x22, 0x3A, 0x96, 0xC7, 0x62, 0x46, 0x0F, 0xB1, 0x35, 0xF0,
  0x97, 0x8D, 0x7E, 0x1E, 0xF8, 0xDB, 0xE1, 0xF5, 0xC4, 0x16, 0xBE, 0x31,
  0xD0, 0xE4, 0xD3, 0x92, 0xE1, 0xD9, 0x21, 0x98, 0x3A, 0xC9, 0x1C, 0xFB,
  0x71, 0xBB, 0x6B, 0x29, 0x23, 0xA1, 0x07, 0x9C, 0x1A, 0xF7, 0xFD, 0x43,
  0xF6, 0xB5, 0xD6, 0xD6, 0x58, 0xAC, 0x3C, 0x03, 0xE0, 0xCB, 0x1B, 0x6D,
  0x1A, 0xD1, 0x56, 0x18, 0x1F, 0x56, 0x91, 0xDA, 0x49, 0x11, 0x46, 0x07,
  0xCA, 0x84, 0x04, 0xE0, 0x0E, 0x32, 0xD5, 0xEA, 0x9A, 0x2E, 0xAF, 0xE1,
  0x4F, 0xDA, 0x8B, 0xE0, 0xFE, 0xA1, 0xA4, 0x6B, 0x36, 0x2D, 0xA5, 0xEA,
  0x96, 0x52, 0xAA, 0x5C, 0x46, 0x8D, 0xBD, 0xEC, 0x6E, 0x30, 0x7C, 0xB9,
  0xA3, 0x3F, 0xC4, 0xA4, 0x67, 0x83, 0xD4, 0x6E, 0x53, 0xEB, 0x5C, 0xF1,
  0x72, 0x86, 0xAD, 0x68, 0xCD, 0xA4, 0xA3, 0x3D, 0x3A, 0xA3, 0xE4, 0x5F,
  0x86, 0xDE, 0x27, 0xBF, 0xF0, 0xAE, 0xBC, 0x6F, 0x74, 0x1F, 0x12, 0x4D,
  0xE1, 0xBD, 0x4A, 0x4C, 0x62, 0xE4, 0xAF, 0x9D, 0x69, 0x70, 0xBF, 0xF3,
  0xCE, 0xE2, 0x2E, 0xEB, 0xE8, 0xEB, 0x92, 0x32, 0x78, 0xEE, 0x3E, 0x8C,
  0xFF, 0x00, 0x85, 0x87, 0xF0, 0xD3, 0xC4, 0x8F, 0x6F, 0x6B, 0xF1, 0xCF,
  0xE1, 0xC6, 0x99, 0xA6, 0x5E, 0x5C, 0xE0, 0x47, 0xAF, 0x43, 0x00, 0xB8,
  0xB0, 0xBB, 0xCF, 0xF1, 0x2D, 0xC2, 0x7C, 0xE9, 0x9F, 0x46, 0x27, 0x1D,
  0xC8, 0xAF, 0x97, 0x3C, 0x75, 0xE0, 0x4F, 0x13, 0xFC, 0x31, 0xF1, 0x53,
  0xE8, 0x1E, 0x25, 0xB6, 0x28, 0x79, 0x7B, 0x6B, 0xB8, 0x81, 0x30, 0xDD,
  0x27, 0xF7, 0xE3, 0x6F, 0xE6, 0xBD, 0x47, 0x7A, 0x9F, 0xC3, 0xDE, 0x39,
  0xD6, 0x34, 0x28, 0xDE, 0x08, 0x2E, 0x15, 0xAC, 0xE6, 0xFF, 0x00, 0x5B,
  0x6D, 0x3C, 0x62, 0x6B, 0x79, 0x87, 0xFB, 0x71, 0xB6, 0x41, 0xFA, 0x8E,
  0x6B, 0xA5, 0xC2, 0x15, 0x15, 0xD6, 0x8C, 0xE5, 0xE7, 0xA9, 0x49, 0xD9,
  0xEA, 0x8F, 0xB5, 0xED, 0xFF, 0x00, 0x67, 0x3F, 0x80, 0xBA, 0xDD, 0xAC,
  0x5A, 0x96, 0x97, 0xE1, 0xD8, 0x6E, 0x2D, 0x26, 0x1B, 0xA3, 0x96, 0xCB,
  0x52, 0x99, 0xA2, 0x71, 0xEA, 0x0A, 0xC8, 0x41, 0xAD, 0xCD, 0x33, 0xF6,
  0x7D, 0xF8, 0x37, 0xA4, 0xCC, 0xB3, 0x5B, 0x78, 0x0E, 0xC2, 0x59, 0x17,
  0x90, 0x6E, 0x99, 0xEE, 0x3F, 0x49, 0x18, 0x8F, 0xD2, 0xBE, 0x36, 0xF0,
  0xCF, 0x8F, 0x2E, 0x34, 0xBF, 0x19, 0xA5, 0xD7, 0x81, 0x75, 0x3B, 0x8F,
  0x00, 0xDB, 0x34, 0x04, 0xEA, 0x0B, 0x68, 0xA6, 0xFA, 0xD2, 0x59, 0x8F,
  0xDD, 0x2B, 0x6E, 0xE7, 0x0A, 0x31, 0xF5, 0x23, 0x9C, 0x57, 0xB8, 0x68,
  0x9F, 0x1A, 0x3E, 0x2D, 0xC5, 0x81, 0x6F, 0x37, 0x83, 0x3C, 0x75, 0x08,
  0xED, 0x05, 0xC9, 0xD3, 0xAE, 0xCF, 0xD5, 0x24, 0xC0, 0xCF, 0xD0, 0x1A,
  0xE7, 0x95, 0x2A, 0x8B, 0xCC, 0xE8, 0x8D, 0x7A, 0x6F, 0x7D, 0x0F, 0xA7,
  0xEC, 0x74, 0xED, 0x3F, 0x4B, 0xB4, 0x5B, 0x4D, 0x32, 0xC6, 0xDE, 0xC6,
  0xDD, 0x7E, 0xEC, 0x56, 0xF1, 0x2C, 0x68, 0x3E, 0x81, 0x40, 0x15, 0x6A,
  0xBC, 0x2E, 0x1F, 0x8F, 0xFA, 0xBD, 0xA2, 0x29, 0xF1, 0x1F, 0xC1, 0xAF,
  0x17, 0xD8, 0xFF, 0x00, 0x79, 0xEC, 0x63, 0x4B, 0xD4, 0x1F, 0x42, 0xA5,
  0x73, 0x53, 0x9F, 0xDA, 0x7F, 0xE1, 0x7C, 0x0B, 0x22, 0xEA, 0xBF, 0xDB,
  0x9A, 0x45, 0xCA, 0xA6, 0xF8, 0xED, 0x6F, 0xB4, 0xB9, 0x23, 0x96, 0x63,
  0x9C, 0x6D, 0x40, 0x32, 0x09, 0xCF, 0xB8, 0xAC, 0x1C, 0x65, 0xD5, 0x1B,
  0xA9, 0x45, 0xEC, 0xCF, 0x6D, 0xA2, 0xBC, 0x34, 0x7E, 0xD1, 0x19, 0x1F,
  0x6B, 0x1F, 0x08, 0xBC, 0x7D, 0xFD, 0x97, 0xD7, 0xED, 0x9F, 0xD9, 0x7C,
  0x6D, 0xFE, 0xF6, 0xDD, 0xDD, 0x3F, 0x1A, 0xEF, 0xBC, 0x0D, 0xF1, 0x47,
  0xC1, 0x1F, 0x11, 0x60, 0x95, 0xBC, 0x2D, 0xAD, 0x25, 0xC5, 0xCC, 0x03,
  0x33, 0xD9, 0x4C, 0xA6, 0x2B, 0x88, 0x39, 0xC7, 0xCD, 0x1B, 0x60, 0xE3,
  0x3C, 0x64, 0x64, 0x7B, 0xD2, 0xB3, 0x1D, 0xCE, 0xD2, 0x8A, 0x28, 0xA4,
  0x32, 0x86, 0xAF, 0xA3, 0xE9, 0x3A, 0xFE, 0x95, 0x36, 0x95, 0xAD, 0xE9,
  0xB6, 0xDA, 0x95, 0x8C, 0xE3, 0x12, 0x5B, 0xDC, 0xC6, 0x24, 0x46, 0xFC,
  0x0F, 0xF3, 0xAF, 0x86, 0x7E, 0x23, 0xF8, 0x0F, 0x4B, 0xF8, 0x5D, 0xF1,
  0xBE, 0xEF, 0x4A, 0xD2, 0xAC, 0x64, 0xB2, 0xD0, 0xB5, 0xAB, 0x25, 0x9F,
  0x4E, 0xDC, 0xE5, 0xD5, 0x58, 0x1F, 0xDE, 0x46, 0x18, 0xF3, 0xC3, 0x0C,
  0xE0, 0x9C, 0x80, 0x56, 0xBE, 0xF5, 0xAF, 0x2E, 0xF8, 0xE1, 0xF0, 0xC8,
  0xFC, 0x4F, 0xF8, 0x7E, 0x34, 0xEB, 0x2B, 0x94, 0xB4, 0xD6, 0xB4, 0xF9,
  0x85, 0xE6, 0x9F, 0x3B, 0xF0, 0xA2, 0x40, 0x08, 0x28, 0xC7, 0xB2, 0xB0,
  0x38, 0xCF, 0x63, 0x83, 0xDA, 0xB4, 0xA7, 0x2E, 0x59, 0x23, 0x3A, 0x8A,
  0xF1, 0x67, 0xC6, 0xAB, 0xE2, 0xDD, 0x5A, 0xCC, 0xDC, 0x6A, 0x50, 0x5E,
  0xC9, 0x3E, 0xB3, 0x67, 0x23, 0x68, 0x9A, 0x1B, 0x9E, 0x7F, 0xB3, 0x61,
  0xC6, 0xFB, 0x89, 0xA2, 0x07, 0xA4, 0x8C, 0x5D, 0x51, 0x5B, 0xA8, 0x05,
  0xB1, 0xC8, 0x18, 0xEF, 0x3C, 0x05, 0xF0, 0x4E, 0x1B, 0xFB, 0x75, 0xB8,
  0xBE, 0xB6, 0x37, 0x57, 0x52, 0x7C, 0xEE, 0x5B, 0xE6, 0xE4, 0xF5, 0xEB,
  0xFC, 0xCF, 0x26, 0xBC, 0x82, 0xC2, 0xC3, 0x55, 0xD0, 0xFC, 0x66, 0xDA,
  0x57, 0x88, 0x6D, 0x64, 0xB4, 0xBE, 0xB3, 0xBB, 0x26, 0x78, 0x25, 0xEA,
  0x8E, 0x48, 0xC9, 0xF7, 0xCE, 0x01, 0xC8, 0xE0, 0x8A, 0xFB, 0xE7, 0xE1,
  0x84, 0x96, 0x52, 0x78, 0x75, 0x1E, 0x3D, 0xA5, 0x98, 0x29, 0xCF, 0xB6,
  0xD1, 0x8F, 0xEB, 0x5F, 0x45, 0x43, 0x93, 0x0F, 0x87, 0x96, 0x23, 0x97,
  0x9A, 0x57, 0xB2, 0xBF, 0x43, 0xE1, 0x73, 0x3A, 0x95, 0xF1, 0x98, 0xDA,
  0x38, 0x08, 0x54, 0x70, 0x8C, 0x93, 0x6D, 0xAD, 0xDD, 0xBA, 0x23, 0xC4,
  0x3C, 0x43, 0xF0, 0x49, 0x74, 0xFB, 0x64, 0xBC, 0xB1, 0x89, 0xED, 0x2E,
  0x60, 0x21, 0xE1, 0x91, 0x0F, 0xDC, 0x60, 0x72, 0xA4, 0x11, 0xD0, 0xE6,
  0xBD, 0xF7, 0xC1, 0xDA, 0xFB, 0x6A, 0xFA, 0x45, 0xB5, 0xC4, 0x8F, 0xBA,
  0x6D, 0x81, 0x66, 0xE3, 0x18, 0x90, 0x0F, 0x9B, 0x8F, 0xAF, 0xF3, 0xAD,
  0xCF, 0x12, 0x3D, 0xA2, 0x68, 0x97, 0x06, 0x72, 0xA0, 0x6C, 0x3D, 0x7F,
  0x4F, 0xD6, 0xBC, 0xEB, 0xE1, 0xC6, 0xE6, 0x93, 0x52, 0x91, 0x33, 0xE4,
  0xB5, 0xC9, 0xD9, 0xE8, 0x78, 0xE7, 0xFA, 0x53, 0x73, 0x58, 0xCC, 0x24,
  0xAA, 0xCE, 0x29, 0x38, 0xF6, 0xEA, 0x72, 0x46, 0x15, 0x72, 0xBC, 0xCE,
  0x18, 0x48, 0x54, 0x73, 0x84, 0x95, 0xF5, 0xD5, 0xAF, 0xF8, 0x0C, 0xF5,
  0x4B, 0xC8, 0x3C, 0xD4, 0x23, 0x1D, 0xAB, 0xCC, 0xFC, 0x4D, 0xE1, 0x4B,
  0xC7, 0xBF, 0x1A, 0xAE, 0x8F, 0x20, 0x82, 0xF9, 0x46, 0x18, 0x37, 0xDD,
  0x94, 0x76, 0xCF, 0xA1, 0xF7, 0xAF, 0x57, 0x60, 0x0D, 0x56, 0x96, 0xD9,
  0x64, 0x1C, 0x8A, 0xF1, 0xF0, 0x98, 0xC9, 0xE1, 0xE5, 0x78, 0x9F, 0x59,
  0x9A, 0x65, 0x34, 0xB1, 0xF0, 0xE5, 0x9A, 0x3C, 0x5D, 0xEE, 0xFE, 0x22,
  0x5C, 0xC7, 0xF6, 0x33, 0x6E, 0xD1, 0x0F, 0xBA, 0x64, 0x69, 0x86, 0xDF,
  0xCC, 0x73, 0x54, 0xAD, 0x7E, 0x0C, 0x69, 0xDA, 0xD6, 0xA9, 0x1D, 0xFF,
  0x00, 0x8B, 0x2E, 0xA6, 0xD5, 0x48, 0x3B, 0x8D, 0xB0, 0xFD, 0xDC, 0x44,
  0xFA, 0x1C, 0x72, 0xC3, 0xDB, 0x8A, 0xF6, 0xBF, 0xEC, 0xE8, 0xF7, 0x67,
  0x68, 0xAB, 0x51, 0x5B, 0x2A, 0x74, 0x15, 0xE8, 0x56, 0xCD, 0x39, 0xA0,
  0xE1, 0x4E, 0x2A, 0x29, 0xF6, 0x47, 0x87, 0x83, 0xE1, 0xBF, 0x65, 0x59,
  0x55, 0xA9, 0x39, 0x49, 0xAD, 0xAE, 0xEF, 0x62, 0x0D, 0x33, 0x4F, 0xB6,
  0xD3, 0xEC, 0xA1, 0xB4, 0xB4, 0xB7, 0x8E, 0xDE, 0x08, 0x50, 0x24, 0x71,
  0x44, 0xA1, 0x55, 0x14, 0x74, 0x00, 0x0E, 0x82, 0xB4, 0x69, 0x00, 0xC5,
  0x36, 0x59, 0x63, 0x86, 0x17, 0x9A, 0x69, 0x16, 0x28, 0xA3, 0x52, 0xCE,
  0xEE, 0x70, 0xAA, 0x07, 0x24, 0x92, 0x7A, 0x0A, 0xF0, 0xA4, 0xDC, 0x9D,
  0xCF, 0xB6, 0x84, 0x14, 0x23, 0xCA, 0x87, 0xD7, 0x8E, 0xF8, 0xCF, 0xE2,
  0xCE, 0xA7, 0x73, 0xE2, 0x59, 0xBE, 0x1E, 0xFC, 0x25, 0xD3, 0xA2, 0xF1,
  0x17, 0x8B, 0x54, 0x7F, 0xA5, 0xDD, 0x39, 0xFF, 0x00, 0x42, 0xD2, 0x57,
  0xA1, 0x69, 0x9C, 0x70, 0x58, 0x7F, 0x70, 0x77, 0xEB, 0xCF, 0xCA, 0x79,
  0x2F, 0x18, 0xFC, 0x4D, 0xD5, 0x3E, 0x23, 0x7D, 0xB7, 0x49, 0xF0, 0x3E,
  0xB4, 0x3C, 0x37, 0xE0, 0x4B, 0x37, 0xF2, 0x75, 0x8F, 0x19, 0xC9, 0x95,
  0x32, 0x9E, 0xF0, 0x59, 0x8E, 0xAE, 0xC7, 0xA6, 0xE1, 0xCF, 0xA6, 0x06,
  0x37, 0x79, 0x8E, 0xA3, 0xE3, 0xAB, 0x2D, 0x1F, 0x40, 0x6F, 0x06, 0xFC,
  0x33, 0xB1, 0x93, 0xC3, 0xDE, 0x1C, 0x07, 0xF7, 0xB3, 0xE7, 0xFD, 0x33,
  0x51, 0x6E, 0x86, 0x49, 0x64, 0xEA, 0x33, 0xE8, 0x3E, 0x9C, 0x0E, 0x2B,
  0x48, 0x52, 0x72, 0x22, 0xA5, 0x55, 0x03, 0x9F, 0xF8, 0xF1, 0x6F, 0xE3,
  0x4F, 0x0D, 0xA5, 0x9D, 0xBE, 0xAF, 0xF1, 0x7A, 0x7F, 0x19, 0xFD, 0xB4,
  0xED, 0xD5, 0xB4, 0xC8, 0xE5, 0x68, 0xA0, 0x86, 0x40, 0x43, 0x2A, 0x79,
  0x68, 0x76, 0xEC, 0x38, 0x23, 0xB1, 0x04, 0x74, 0xE7, 0x8F, 0x73, 0xF8,
  0x61, 0xF1, 0x6E, 0xC3, 0x4C, 0xF8, 0x63, 0x0A, 0x0D, 0x06, 0x0D, 0xED,
  0x71, 0x6D, 0x65, 0xA5, 0x69, 0xFA, 0x64, 0x49, 0x01, 0xBA, 0x9A, 0x70,
  0x76, 0x42, 0x07, 0x0A, 0x08, 0xDA, 0xC5, 0x9C, 0xF6, 0x19, 0x39, 0x3D,
  0x7E, 0x41, 0xF1, 0x6E, 0xAD, 0x69, 0x71, 0x66, 0x74, 0xAB, 0x53, 0xE7,
  0x4E, 0x1C, 0x3B, 0x94, 0xE5, 0x53, 0x1E, 0xA7, 0xD6, 0xB4, 0x7C, 0x3B,
  0xAE, 0xC5, 0x7F, 0xE1, 0x4B, 0x6D, 0x1D, 0x35, 0x65, 0xD2, 0xF5, 0x6D,
  0x36, 0xE6, 0x2B, 0xCB, 0x29, 0x65, 0xFF, 0x00, 0x56, 0x64, 0x8F, 0x70,
  0x5D, 0xDE, 0xC5, 0x5C, 0x83, 0xDC, 0x10, 0x3B, 0x56, 0xD2, 0xA6, 0xAD,
  0x63, 0x28, 0xD4, 0x6F, 0x56, 0x7D, 0x75, 0xF1, 0x0F, 0xC5, 0xB7, 0x7A,
  0x8D, 0xA7, 0xFC, 0x20, 0x7F, 0x11, 0xFC, 0x17, 0x63, 0x62, 0xFA, 0xBC,
  0x12, 0x5C, 0x59, 0x2A, 0xDD, 0x8B, 0xDB, 0x7B, 0xC5, 0x8C, 0x66, 0x48,
  0xF7, 0xEC, 0x47, 0x86, 0x65, 0x53, 0xB9, 0x58, 0x0C, 0x12, 0xBC, 0x1E,
  0xD5, 0xF2, 0x7F, 0xFC, 0x2C, 0x2F, 0x15, 0x78, 0x7A, 0xD2, 0x7F, 0x07,
  0x4D, 0xE2, 0xFD, 0x48, 0xD8, 0x69, 0x53, 0x3D, 0xBD, 0xAA, 0x24, 0x84,
  0x13, 0x16, 0x7E, 0x51, 0x91, 0xCF, 0x1E, 0x99, 0xE3, 0xA0, 0xE2, 0xB5,
  0x2F, 0xFC, 0x49, 0x76, 0xFA, 0xAD, 0xB7, 0x88, 0xFC, 0x6D, 0xAD, 0xD9,
  0xBC, 0xDA, 0x72, 0xBF, 0xD9, 0x2C, 0xAC, 0x65, 0x69, 0x99, 0xDD, 0x97,
  0x69, 0x76, 0x66, 0x39, 0xE9, 0xC0, 0x1F, 0xCB, 0xBF, 0x13, 0xA6, 0x69,
  0x9E, 0x2C, 0xF1, 0x26, 0xA7, 0x75, 0x7D, 0xA6, 0x78, 0x47, 0x57, 0xD4,
  0xE6, 0xBF, 0x94, 0xCC, 0x9F, 0x65, 0xB3, 0x92, 0x45, 0xC1, 0xE9, 0x86,
  0x0B, 0x8C, 0x7B, 0xD5, 0x53, 0x4A, 0x0C, 0x9A, 0x9E, 0xFA, 0xDA, 0xE1,
  0x73, 0xAF, 0x5C, 0xEA, 0x0E, 0x64, 0x11, 0x5D, 0xDE, 0xB9, 0xFF, 0x00,
  0x96, 0x93, 0xB1, 0x3F, 0xA9, 0x26, 0xB3, 0xAE, 0x2E, 0x2F, 0x19, 0x73,
  0x79, 0x76, 0x96, 0xB1, 0x9F, 0xF9, 0x67, 0x17, 0x2C, 0x7F, 0x1A, 0xF5,
  0xDF, 0x0F, 0xFE, 0xCE, 0xFF, 0x00, 0x19, 0xFC, 0x48, 0xC8, 0x66, 0xD1,
  0xAD, 0x7C, 0x37, 0x6A, 0xDD, 0x65, 0xD4, 0xA7, 0x01, 0xC0, 0xFF, 0x00,
  0x71, 0x37, 0x37, 0xE6, 0x05, 0x7B, 0x5F, 0x84, 0x3F, 0x63, 0xFF, 0x00,
  0x07, 0x69, 0xB2, 0xC7, 0x7B, 0xE3, 0x4D, 0x66, 0xF3, 0xC4, 0x97, 0x23,
  0x0C, 0xD0, 0x47, 0x9B, 0x6B, 0x7C, 0xFA, 0x1C, 0x12, 0xEC, 0x3F, 0xE0,
  0x43, 0xE9, 0x57, 0x2A, 0xD1, 0x5D, 0x6E, 0x44, 0x28, 0x4B, 0xB5, 0x8F,
  0x8F, 0xFC, 0x33, 0xE1, 0x9F, 0x10, 0xF8, 0xD3, 0x57, 0x4D, 0x0B, 0xC1,
  0xBA, 0x25, 0xC6, 0xA5, 0x78, 0xC4, 0x6E, 0x28, 0xBC, 0x46, 0x3F, 0xBC,
  0xEE, 0x7E, 0x54, 0x1E, 0xE4, 0x8A, 0xFB, 0x33, 0xE1, 0x0F, 0xEC, 0xBF,
  0xA0, 0xF8, 0x3A, 0x4B, 0x7F, 0x10, 0x78, 0xD9, 0xA1, 0xF1, 0x07, 0x88,
  0x17, 0x0F, 0x1C, 0x1B, 0x73, 0x6B, 0x68, 0xDE, 0xAA, 0x0F, 0xFA, 0xC6,
  0x1F, 0xDE, 0x61, 0x81, 0xD8, 0x77, 0xAF, 0x78, 0xD0, 0xBC, 0x3D, 0xA1,
  0x78, 0x67, 0x4A, 0x8F, 0x4B, 0xF0, 0xF6, 0x91, 0x69, 0xA5, 0xD9, 0x47,
  0xD2, 0x1B, 0x58, 0x84, 0x6B, 0xF5, 0x38, 0xEA, 0x7D, 0xCF, 0x34, 0xFD,
  0x73, 0x5C, 0xD2, 0xBC, 0x37, 0xA0, 0x5E, 0xEB, 0xBA, 0xDD, 0xEC, 0x76,
  0x5A, 0x75, 0x94, 0x46, 0x59, 0xE7, 0x90, 0xF0, 0xAA, 0x3F, 0x99, 0x3D,
  0x00, 0x1C, 0x92, 0x40, 0x15, 0xC9, 0x3A, 0xAE, 0x5A, 0x1D, 0x70, 0xA4,
  0xA2, 0x79, 0xDF, 0xC7, 0x5F, 0x1A, 0xDC, 0xF8, 0x5B, 0xE1, 0xFF, 0x00,
  0xF6, 0x3E, 0x89, 0xFB, 0xCF, 0x13, 0x78, 0x9A, 0x4F, 0xEC, 0xAD, 0x2E,
  0x21, 0xD4, 0x3B, 0xF0, 0xF2, 0xFB, 0x04, 0x53, 0x9C, 0xF6, 0x25, 0x6B,
  0xE0, 0x4F, 0x15, 0x58, 0x58, 0x78, 0x6F, 0x5D, 0xBA, 0xD2, 0x74, 0x2B,
  0xE9, 0x6F, 0x34, 0xFB, 0x62, 0x20, 0xF3, 0x64, 0x20, 0x99, 0x24, 0x50,
  0x04, 0x8C, 0x84, 0x0F, 0xBA, 0x5F, 0x76, 0x01, 0xED, 0x5E, 0xC1, 0xE3,
  0x9F, 0x1C, 0xF8, 0x8B, 0x58, 0xF1, 0x49, 0xF8, 0x93, 0x77, 0x6F, 0x6F,
  0x6C, 0xDA, 0xAD, 0xAC, 0xB6, 0x5A, 0x0E, 0x9F, 0x73, 0xBB, 0xED, 0x1A,
  0x75, 0x91, 0xE3, 0xED, 0x60, 0x03, 0xB5, 0x5E, 0x43, 0xBB, 0xAE, 0x4E,
  0x0F, 0x1C, 0x01, 0x5E, 0x05, 0xA9, 0x5C, 0x09, 0xA4, 0x91, 0xC1, 0xFD,
  0xD4, 0x7F, 0x22, 0x9F, 0x5F, 0x53, 0x5D, 0x54, 0xA1, 0xC9, 0x0E, 0x67,
  0xB9, 0xC7, 0x56, 0x7C, 0xF3, 0xE5, 0x5B, 0x23, 0xB6, 0xF8, 0x31, 0xA2,
  0x6A, 0xDE, 0x25, 0xF8, 0xDF, 0xE1, 0x58, 0x74, 0x5B, 0x79, 0x64, 0x36,
  0x77, 0xF1, 0x5D, 0xDC, 0xC8, 0xAB, 0x95, 0x86, 0x14, 0x60, 0xCE, 0xCC,
  0x7A, 0x00, 0x40, 0x2B, 0xCF, 0x52, 0x71, 0xDE, 0xBE, 0xAF, 0xF1, 0xCF,
  0xEC, 0x99, 0xE0, 0x3F, 0x13, 0x6A, 0x33, 0x6A, 0x7E, 0x1D, 0xBE, 0xB9,
  0xF0, 0xB5, 0xD4, 0xCC, 0x5D, 0xE2, 0xB7, 0x41, 0x2D, 0xB1, 0x63, 0xDC,
  0x46, 0x70, 0x57, 0x9E, 0xCA, 0xC0, 0x7B, 0x57, 0x5B, 0xFB, 0x3B, 0x78,
  0x31, 0x7C, 0x19, 0xF0, 0x3F, 0x44, 0x8A, 0x6B, 0x71, 0x16, 0xA1, 0xAA,
  0x27, 0xF6, 0x8D, 0xD9, 0x23, 0xE6, 0x2D, 0x27, 0xCC, 0x8A, 0x7E, 0x89,
  0xB4, 0x63, 0xEB, 0x5E, 0xB7, 0x5C, 0x93, 0xA8, 0xDC, 0xAE, 0x8E, 0xD8,
  0x41, 0x28, 0xD8, 0xF9, 0x02, 0xC3, 0xF6, 0x2A, 0xFF, 0x00, 0x4B, 0x07,
  0x55, 0xF8, 0x82, 0x5A, 0xD8, 0x1E, 0x56, 0xD7, 0x4F, 0xDA, 0xEC, 0x3E,
  0xAC, 0xE4, 0x0F, 0xC8, 0xD7, 0x4D, 0xF1, 0x5B, 0xE0, 0xA6, 0x87, 0xE0,
  0xDF, 0xD9, 0xAF, 0x5E, 0xD2, 0xBE, 0x1F, 0x68, 0xD2, 0xC9, 0x74, 0x24,
  0xB7, 0xB9, 0xBD, 0x9C, 0x93, 0x2D, 0xD5, 0xDC, 0x51, 0xC8, 0x19, 0xB7,
  0x1E, 0xE1, 0x47, 0xCD, 0xB4, 0x00, 0x06, 0x0F, 0x15, 0xF4, 0xCD, 0x15,
  0x2E, 0x72, 0x7B, 0x94, 0xA2, 0x96, 0xC7, 0xE4, 0x85, 0xBD, 0xF3, 0x00,
  0x91, 0xC2, 0xC0, 0x6E, 0xC0, 0xC9, 0xE4, 0x0F, 0x7A, 0xFA, 0x0F, 0xE0,
  0x76, 0xB9, 0x6D, 0xF0, 0xE7, 0xC4, 0x3A, 0x2F, 0x8B, 0x0D, 0xF4, 0xD3,
  0x68, 0x9A, 0xF4, 0x87, 0x44, 0xD7, 0x8C, 0xC4, 0x62, 0xCA, 0xEB, 0x76,
  0xEB, 0x79, 0x78, 0xE8, 0x84, 0x1C, 0x64, 0xF4, 0xF9, 0xFD, 0xAB, 0x99,
  0xFD, 0xA5, 0x7C, 0x1F, 0x17, 0x85, 0x7E, 0x3B, 0x5F, 0x49, 0x6B, 0x00,
  0x82, 0xC7, 0x5C, 0x85, 0x75, 0x08, 0x42, 0x8C, 0x28, 0x76, 0xCA, 0xC8,
  0x06, 0x3F, 0xDB, 0x52, 0xDF, 0xF0, 0x2A, 0xE4, 0x7C, 0x21, 0xAD, 0xCC,
  0xB6, 0xBA, 0xA6, 0x8B, 0x71, 0x0C, 0x13, 0xE9, 0xDA, 0xB4, 0x02, 0xCE,
  0xF9, 0x2E, 0x77, 0x79, 0x71, 0x73, 0x94, 0x9C, 0x05, 0xE7, 0x72, 0x1F,
  0x98, 0x63, 0xAF, 0x23, 0xBD, 0x77, 0x2F, 0xDE, 0x43, 0x53, 0x82, 0x5F,
  0xBA, 0x9D, 0xD1, 0xFA, 0x41, 0xE2, 0xFF, 0x00, 0x06, 0x78, 0x6F, 0xC7,
  0x7E, 0x1C, 0x9B, 0x40, 0xF1, 0x46, 0x99, 0x1D, 0xFD, 0x94, 0x9C, 0x8D,
  0xDC, 0x3C, 0x4D, 0xD9, 0xD1, 0x87, 0x2A, 0xC3, 0xD4, 0x7F, 0x2A, 0xF8,
  0x87, 0xE2, 0x77, 0xEC, 0xD1, 0xE3, 0x3F, 0x01, 0xBC, 0xFA, 0xAF, 0x85,
  0x96, 0x5F, 0x14, 0x78, 0x78, 0x12, 0xC4, 0x44, 0x99, 0xBA, 0xB7, 0x5F,
  0xF6, 0xE3, 0x1F, 0x78, 0x0F, 0xEF, 0x27, 0xD4, 0x81, 0x5F, 0x47, 0xFC,
  0x15, 0xF1, 0xF5, 0xE2, 0x91, 0xF0, 0xB3, 0xC6, 0x97, 0xB1, 0xC9, 0xE2,
  0x4D, 0x2E, 0x00, 0xDA, 0x7D, 0xEA, 0xB6, 0x63, 0xD6, 0x6C, 0x71, 0xFB,
  0xB9, 0xE3, 0x63, 0xF7, 0x88, 0x5E, 0xA3, 0xAF, 0x19, 0xEA, 0x1B, 0x1E,
  0xDF, 0x5C, 0x4A, 0x52, 0xA6, 0xCE, 0xD6, 0xA3, 0x34, 0x7E, 0x48, 0xD8,
  0xCA, 0x82, 0x69, 0x0A, 0x5D, 0xBD, 0x94, 0xFB, 0xB0, 0x3F, 0xBB, 0xF4,
  0x23, 0xD7, 0x35, 0xB6, 0xB7, 0x7A, 0xA4, 0x58, 0xF3, 0xED, 0x23, 0xBB,
  0x4E, 0xCF, 0x11, 0xC1, 0xFC, 0xAB, 0xF4, 0x27, 0xC7, 0x7F, 0x03, 0x7E,
  0x1B, 0xFC, 0x42, 0x77, 0xB9, 0xD6, 0xB4, 0x14, 0xB6, 0xD4, 0x9F, 0xFE,
  0x62, 0x16, 0x07, 0xC8, 0x9C, 0x9F, 0x56, 0x23, 0x87, 0xFF, 0x00, 0x81,
  0x03, 0x5F, 0x3B, 0xF8, 0x93, 0xF6, 0x44, 0xF1, 0x86, 0x92, 0xEF, 0x3F,
  0x81, 0xBC, 0x57, 0x6B, 0xAA, 0xDB, 0x8E, 0x56, 0xD7, 0x51, 0x53, 0x04,
  0x9F, 0x4D, 0xC3, 0x2A, 0x7E, 0xBF, 0x2D, 0x75, 0x42, 0xBA, 0xEB, 0xA1,
  0xCD, 0x3A, 0x0F, 0xA6, 0xA7, 0x8B, 0x69, 0x9E, 0x3E, 0xD5, 0x74, 0x57,
  0x1F, 0x61, 0xD6, 0xB5, 0x4D, 0x2C, 0x8F, 0xE1, 0x59, 0x1C, 0x28, 0xFC,
  0x33, 0x8F, 0xD2, 0xBD, 0x23, 0xE1, 0x77, 0x8C, 0x2D, 0xD7, 0x5B, 0xD5,
  0x7E, 0x2F, 0xF8, 0xF0, 0x9D, 0x62, 0xEA, 0xC3, 0xE4, 0x86, 0x6B, 0x84,
  0x12, 0x35, 0xB4, 0x31, 0x80, 0x36, 0xC2, 0x9C, 0x28, 0x91, 0xD9, 0x95,
  0x41, 0xED, 0x96, 0x3D, 0xC9, 0xAE, 0x27, 0x5C, 0xF8, 0x6B, 0xF1, 0x5B,
  0xC3, 0x8C, 0xEB, 0xAE, 0xFC, 0x3E, 0xD4, 0xDA, 0x34, 0xEB, 0x3D, 0x9C,
  0x7F, 0x69, 0x8F, 0xEB, 0x98, 0xF7, 0x0A, 0xCB, 0xF0, 0xAD, 0xED, 0x94,
  0x7A, 0x36, 0xAD, 0xE0, 0x7F, 0x13, 0xFD, 0xA7, 0x49, 0x8A, 0xFC, 0xF9,
  0xD0, 0x4D, 0x2C, 0x45, 0x1A, 0x26, 0xC8, 0x20, 0x95, 0x6C, 0x71, 0xB9,
  0x54, 0xFA, 0x1C, 0x11, 0x9A, 0xB9, 0xC9, 0x4D, 0x59, 0x32, 0x21, 0x07,
  0x07, 0x76, 0xAC, 0x7D, 0xE5, 0x6D, 0xF1, 0x1F, 0xC4, 0x1A, 0x73, 0x68,
  0xD7, 0x5E, 0x37, 0xF0, 0x72, 0x68, 0x5A, 0x56, 0xB7, 0x3C, 0x56, 0xB6,
  0xD7, 0x76, 0xFA, 0x82, 0xDD, 0x1B, 0x79, 0x65, 0xFF, 0x00, 0x54, 0x97,
  0x0B, 0xB1, 0x76, 0x6E, 0x3C, 0x6E, 0x52, 0xCA, 0x09, 0x00, 0x91, 0xD6,
  0xBE, 0x42, 0xF8, 0xC9, 0xE3, 0x5D, 0x53, 0x53, 0xF8, 0xC1, 0x65, 0x73,
  0xA1, 0x43, 0x6D, 0xE1, 0xED, 0x7E, 0x3B, 0x87, 0x8D, 0x75, 0x1B, 0x0C,
  0xDB, 0xCC, 0xAA, 0xCE, 0x63, 0x0B, 0x24, 0x8B, 0xCB, 0xE0, 0x02, 0x4B,
  0x11, 0x9E, 0x7D, 0x38, 0xA8, 0x1F, 0x59, 0xD7, 0xEE, 0x17, 0x4E, 0x8F,
  0xC5, 0xBE, 0x29, 0xD3, 0x0E, 0x8B, 0xA5, 0x5C, 0x47, 0x76, 0x05, 0xA4,
  0xCC, 0x5E, 0xE9, 0xA3, 0x3B, 0x90, 0x60, 0xF0, 0x80, 0x90, 0x09, 0xC7,
  0x3E, 0x80, 0xD7, 0x9B, 0x6A, 0xFE, 0x23, 0x3A, 0xB7, 0x8E, 0x5F, 0xC4,
  0x26, 0x37, 0x9A, 0x28, 0xE4, 0x0D, 0xD3, 0x05, 0x86, 0x4E, 0x5B, 0xEA,
  0x49, 0x26, 0xB1, 0x8D, 0x34, 0x99, 0xB3, 0xA8, 0xDA, 0x3E, 0xC7, 0xD3,
  0x2F, 0xBE, 0x2B, 0xFC, 0x37, 0xD1, 0xE1, 0xF1, 0x1E, 0x9F, 0xE2, 0xB5,
  0xF8, 0xC1, 0xE0, 0xF0, 0xA1, 0xAF, 0xD1, 0x30, 0x6F, 0xAD, 0x38, 0xF9,
  0x9E, 0x26, 0x04, 0x99, 0x00, 0xEB, 0xB5, 0x8E, 0x71, 0xD8, 0x72, 0x47,
  0xB8, 0x78, 0x3B, 0xC6, 0x7E, 0x1B, 0xF1, 0xE7, 0x86, 0xA0, 0xF1, 0x0F,
  0x85, 0xF5, 0x24, 0xBE, 0xB2, 0x97, 0x83, 0x8E, 0x1E, 0x26, 0xEE, 0x8E,
  0xBD, 0x55, 0x87, 0xA1, 0xFA, 0xF2, 0x30, 0x6B, 0xE1, 0x7F, 0x07, 0xF8,
  0xE3, 0x54, 0xD0, 0x2F, 0x13, 0x5B, 0xF0, 0xA6, 0xAC, 0xD0, 0x31, 0xC7,
  0x98, 0xA3, 0x94, 0x90, 0x7F, 0x76, 0x44, 0x3C, 0x1F, 0xC7, 0xF0, 0x35,
  0xEA, 0x1A, 0x36, 0xA4, 0x9A, 0xE7, 0x88, 0x9B, 0xC6, 0x1F, 0x0B, 0x66,
  0xB6, 0xF0, 0xA7, 0xC4, 0x16, 0x1B, 0xAF, 0xF4, 0x09, 0x9B, 0x1A, 0x77,
  0x88, 0x14, 0x72, 0x42, 0x83, 0x80, 0xB2, 0x75, 0xC1, 0xE0, 0xE4, 0xFD,
  0x5A, 0xA6, 0xA5, 0x26, 0xB5, 0x43, 0xA7, 0x59, 0x4B, 0x47, 0xB9, 0xF5,
  0xCD, 0x35, 0xD7, 0x72, 0xE2, 0xB8, 0x4F, 0x87, 0x3F, 0x14, 0x34, 0x6F,
  0x88, 0x16, 0xB7, 0x36, 0x82, 0xDE, 0x6D, 0x1F, 0xC4, 0x9A, 0x69, 0xF2,
  0xF5, 0x3D, 0x12, 0xF0, 0x6D, 0xB8, 0xB4, 0x7E, 0x87, 0x83, 0xF7, 0x93,
  0x3D, 0x18, 0x7B, 0x67, 0x07, 0x8A, 0xEF, 0x6B, 0x9F, 0x63, 0xA3, 0x73,
  0xCB, 0x7E, 0x21, 0xFC, 0x29, 0xF0, 0xCF, 0x8E, 0x59, 0x2E, 0x75, 0x2B,
  0x36, 0x8B, 0x50, 0x89, 0x76, 0xC7, 0x7D, 0x6E, 0x76, 0x4A, 0xA3, 0xB0,
  0x27, 0xA3, 0x0F, 0x63, 0x9F, 0x6C, 0x57, 0x19, 0xA5, 0x78, 0x5B, 0xC6,
  0x7E, 0x09, 0x55, 0x83, 0x4B, 0xBE, 0x1A, 0xBD, 0xB2, 0xF0, 0x37, 0x7E,
  0xEA, 0x40, 0x3E, 0x99, 0xC1, 0xFF, 0x00, 0x3C, 0x57, 0xD0, 0x2F, 0x18,
  0x71, 0xD2, 0xA9, 0x4B, 0x60, 0x8E, 0x72, 0x54, 0x57, 0xAD, 0x85, 0xCC,
  0x1D, 0x15, 0xCA, 0xD2, 0x6B, 0xB3, 0x3E, 0x5F, 0x33, 0xC9, 0x23, 0x8B,
  0xB3, 0x4D, 0xA6, 0xB5, 0x4D, 0x74, 0x7E, 0x5D, 0x8F, 0x1E, 0x96, 0xD7,
  0xC6, 0x9E, 0x23, 0x65, 0x82, 0xF8, 0x1B, 0x28, 0x0F, 0xDE, 0x2E, 0xE0,
  0x90, 0x3D, 0x80, 0xEF, 0x5E, 0x8B, 0xE1, 0xAD, 0x0E, 0x0D, 0x22, 0xC6,
  0x1B, 0x4B, 0x74, 0x22, 0x38, 0xC1, 0xE4, 0xF5, 0x27, 0xB9, 0x35, 0xB7,
  0x1E, 0x9F, 0x1A, 0x9C, 0x85, 0x15, 0x76, 0x38, 0x82, 0x76, 0xAA, 0xC5,
  0x66, 0x2E, 0xAC, 0x3D, 0x9C, 0x52, 0x8C, 0x7B, 0x23, 0x0C, 0xB3, 0x87,
  0xE3, 0x85, 0xAA, 0xEB, 0x4E, 0x4E, 0x53, 0x7D, 0x5B, 0xBB, 0x25, 0xA2,
  0x8A, 0x2B, 0xC6, 0x3E, 0xC0, 0x28, 0xA4, 0xC8, 0x15, 0xE3, 0xFF, 0x00,
  0x16, 0x7E, 0x36, 0xD8, 0xF8, 0x16, 0x4F, 0xF8, 0x46, 0xFC, 0x39, 0x6A,
  0x9A, 0xEF, 0x8C, 0x67, 0x4D, 0xC9, 0x66, 0x1B, 0xF7, 0x56, 0x6A, 0x47,
  0x12, 0x4E, 0xC3, 0xEE, 0x8E, 0xE1, 0x7A, 0x9F, 0x60, 0x73, 0x4D, 0x26,
  0xF4, 0x42, 0x6D, 0x23, 0xD4, 0xF5, 0x7D, 0x5F, 0x4C, 0xD0, 0x34, 0x6B,
  0xBD, 0x67, 0x5A, 0xBE, 0x86, 0xC3, 0x4F, 0xB4, 0x8C, 0xCB, 0x3D, 0xC4,
  0xCD, 0xB5, 0x51, 0x47, 0x7F, 0xFE, 0xB7, 0x52, 0x78, 0x15, 0xF2, 0x87,
  0x8E, 0xFE, 0x20, 0xDD, 0x7C, 0x50, 0xB3, 0x17, 0xBA, 0xB4, 0x97, 0xBA,
  0x0F, 0xC3, 0x32, 0xE7, 0xEC, 0x9A, 0x7C, 0x4D, 0xE5, 0xDF, 0xF8, 0x95,
  0x94, 0xF5, 0x3F, 0xF3, 0xCA, 0xDF, 0x3D, 0x49, 0xFD, 0x5B, 0xEE, 0xE0,
  0x0F, 0x87, 0xDF, 0x17, 0x3E, 0x2F, 0x69, 0x33, 0x5D, 0x78, 0xAB, 0x5C,
  0xF1, 0x06, 0xA9, 0x64, 0xF2, 0x79, 0xC1, 0x6D, 0xE5, 0x86, 0x1B, 0x40,
  0xE3, 0x38, 0xF2, 0xE0, 0x90, 0xA0, 0x7C, 0x73, 0xC8, 0x20, 0x7B, 0xE6,
  0xBC, 0xEF, 0xC5, 0xFF, 0x00, 0xF0, 0x93, 0x78, 0x43, 0x54, 0x76, 0xF1,
  0x2D, 0xF4, 0xBA, 0xFD, 0xB2, 0x91, 0x6B, 0xF6, 0xA9, 0x10, 0xC3, 0x73,
  0x6D, 0x22, 0xAE, 0x56, 0x09, 0xA2, 0x6E, 0x63, 0xF9, 0x70, 0x57, 0xAA,
  0x91, 0xCA, 0x92, 0x2B, 0x78, 0x41, 0x27, 0xEF, 0x18, 0xCE, 0x4D, 0xC7,
  0xDD, 0x36, 0xFC, 0x4B, 0xE2, 0xD9, 0xB5, 0x08, 0x2D, 0x8D, 0xE7, 0xD9,
  0xF4, 0xED, 0x1F, 0x4D, 0x50, 0x96, 0x5A, 0x74, 0x0B, 0xB6, 0xDA, 0xD1,
  0x07, 0x45, 0x44, 0xEE, 0x7D, 0x49, 0xC9, 0x6A, 0xF3, 0xE9, 0xB5, 0x1B,
  0xDD, 0x72, 0x19, 0x1E, 0xDA, 0x53, 0xA6, 0x68, 0xEA, 0x71, 0x25, 0xD3,
  0x8F, 0x9E, 0x4F, 0x65, 0x1F, 0xD0, 0x56, 0x5D, 0xCD, 0xDF, 0xDB, 0xA7,
  0x17, 0xFA, 0xDF, 0xEF, 0x14, 0x73, 0x0D, 0x8A, 0x36, 0x15, 0x47, 0x62,
  0xE7, 0xFC, 0x93, 0xED, 0x5D, 0xBF, 0xC3, 0xDF, 0x86, 0x3E, 0x37, 0xF8,
  0xC7, 0xAA, 0x28, 0xD2, 0xE1, 0x1A, 0x7E, 0x85, 0x03, 0x79, 0x73, 0x6A,
  0x72, 0xC7, 0xB6, 0x08, 0x40, 0xEA, 0x91, 0xA8, 0xFB, 0xED, 0xEC, 0x3F,
  0x12, 0x2B, 0xAD, 0xB4, 0x96, 0xBA, 0x23, 0x92, 0x31, 0x6D, 0xE9, 0xAB,
  0x38, 0xAB, 0x4B, 0x1B, 0x8D, 0x6F, 0x55, 0xB4, 0xF0, 0xE7, 0x84, 0xB4,
  0x89, 0xEF, 0x2E, 0xE6, 0x6D, 0xB0, 0xDB, 0xC4, 0xBB, 0xE5, 0x99, 0xBB,
  0xB3, 0x9F, 0xFF, 0x00, 0x50, 0x03, 0xD2, 0xBE, 0x91, 0xD2, 0x3F, 0x63,
  0x19, 0xEE, 0xFC, 0x25, 0x04, 0xFA, 0xE7, 0x8C, 0x1B, 0x4D, 0xF1, 0x14,
  0x84, 0xBC, 0xB0, 0xC1, 0x02, 0xCF, 0x6F, 0x12, 0x9E, 0x89, 0xD5, 0x49,
  0x61, 0xCE, 0x58, 0x1C, 0x76, 0x03, 0x8C, 0x9F, 0xA2, 0x7E, 0x1B, 0x7C,
  0x25, 0xF0, 0x77, 0xC2, 0xED, 0x20, 0xDA, 0xF8, 0x7A, 0xCB, 0x7D, 0xEC,
  0xAA, 0x05, 0xD6, 0xA5, 0x71, 0x86, 0xB8, 0xB8, 0x3E, 0xED, 0xFC, 0x2B,
  0x9E, 0x8A, 0x30, 0x3F, 0x1E, 0x6B, 0xBE, 0xAE, 0x39, 0xD6, 0x6F, 0x63,
  0xB2, 0x14, 0x94, 0x77, 0xD5, 0x9F, 0x30, 0x78, 0x43, 0xF6, 0x3A, 0xF0,
  0xA6, 0x93, 0xA9, 0xC3, 0x7F, 0xE2, 0xDF, 0x10, 0xDC, 0xF8, 0x89, 0x62,
  0x60, 0xC2, 0xCE, 0x38, 0x45, 0xB4, 0x0E, 0x47, 0x67, 0xC1, 0x66, 0x61,
  0xEC, 0x08, 0xAF, 0xA6, 0xE0, 0x82, 0x1B, 0x5B, 0x68, 0xAD, 0xAD, 0xA1,
  0x48, 0x20, 0x89, 0x02, 0x47, 0x1C, 0x6A, 0x15, 0x51, 0x40, 0xC0, 0x00,
  0x0E, 0x00, 0x03, 0xB5, 0x49, 0x45, 0x62, 0xDB, 0x7B, 0x9A, 0xA4, 0x96,
  0xC1, 0x45, 0x15, 0xC5, 0xFC, 0x4E, 0xF8, 0x81, 0xA7, 0x7C, 0x34, 0xF0,
  0x15, 0xDF, 0x89, 0x2F, 0x62, 0x37, 0x33, 0x82, 0x20, 0xB2, 0xB3, 0x53,
  0xF3, 0x5D, 0x5C, 0x37, 0xDC, 0x8C, 0x7E, 0xA4, 0xFA, 0x00, 0x69, 0x0C,
  0xEA, 0x35, 0x3D, 0x4F, 0x4F, 0xD1, 0xB4, 0x9B, 0xAD, 0x5B, 0x55, 0xBB,
  0x8E, 0xCE, 0xC6, 0xD2, 0x36, 0x9A, 0x79, 0xE5, 0x38, 0x58, 0xD1, 0x46,
  0x49, 0x35, 0xF2, 0x57, 0x8E, 0x3C, 0x67, 0x37, 0xC4, 0x15, 0x83, 0xC6,
  0xBE, 0x2C, 0xB5, 0x96, 0xD3, 0xC0, 0x16, 0x93, 0x16, 0xF0, 0xFE, 0x80,
  0xE7, 0x6C, 0x9A, 0xEC, 0xEB, 0xD2, 0xE2, 0x71, 0xDA, 0x21, 0xD4, 0x0F,
  0x4F, 0xA9, 0x27, 0xB0, 0xB2, 0xF8, 0x43, 0xFF, 0x00, 0x09, 0x56, 0x8C,
  0xDE, 0x3B, 0xFD, 0xA2, 0xBC, 0x4B, 0x3C, 0xB7, 0x33, 0x01, 0x2F, 0xF6,
  0x51, 0xBD, 0x36, 0x96, 0x1A, 0x5A, 0x13, 0xF2, 0xC6, 0x40, 0x23, 0xE6,
  0xE4, 0x67, 0x9E, 0xBC, 0x7C, 0xC7, 0x9A, 0xF3, 0xEF, 0x89, 0x3F, 0x07,
  0x7C, 0x0D, 0x6B, 0xE1, 0xA4, 0xF1, 0x47, 0xC2, 0x0F, 0x13, 0x3C, 0xFE,
  0x59, 0x71, 0xF6, 0x05, 0xBB, 0xFB, 0x65, 0xAC, 0xC5, 0x46, 0xE6, 0x8C,
  0x3E, 0x49, 0x8E, 0x4D, 0xA0, 0x90, 0x18, 0xE1, 0xB1, 0x8E, 0x0E, 0x2B,
  0x7A, 0x6A, 0x2A, 0x5A, 0x98, 0xD5, 0xE6, 0x71, 0xB4, 0x4F, 0x17, 0xF1,
  0x8F, 0x88, 0x35, 0x1D, 0x67, 0x51, 0x9A, 0xEA, 0xEA, 0x4F, 0x3B, 0x55,
  0xD4, 0x9F, 0x6A, 0x85, 0x18, 0x08, 0x3A, 0x61, 0x47, 0x65, 0x51, 0xC0,
  0x1D, 0xAA, 0x97, 0x83, 0x3C, 0x29, 0xFF, 0x00, 0x09, 0xA7, 0xC5, 0x4F,
  0x0E, 0xF8, 0x36, 0xD4, 0x17, 0xB7, 0xB9, 0xBA, 0x48, 0xE6, 0x65, 0x1F,
  0xF2, 0xC5, 0x3E, 0x69, 0x5F, 0xFE, 0xF9, 0x0F, 0xFA, 0x56, 0x04, 0x3A,
  0x81, 0x90, 0x4F, 0xA8, 0x48, 0xC1, 0xAE, 0xE6, 0x05, 0x14, 0xF6, 0x81,
  0x3B, 0xE3, 0xDC, 0xF4, 0xFA, 0x67, 0xD6, 0xBE, 0xAA, 0xFD, 0x90, 0x3E,
  0x1E, 0xCA, 0x1F, 0x53, 0xF8, 0x9D, 0xA9, 0x41, 0xB5, 0x65, 0x56, 0xD3,
  0xF4, 0xC0, 0xC3, 0xAA, 0xE4, 0x79, 0xB2, 0x0F, 0x6C, 0x80, 0x80, 0xFB,
  0x3D, 0x75, 0x55, 0x9D, 0xA3, 0x73, 0x92, 0x8C, 0x3D, 0xEB, 0x76, 0x3E,
  0xBA, 0x48, 0xD2, 0x28, 0xD6, 0x28, 0x90, 0x22, 0x20, 0x0A, 0xAA, 0x06,
  0x00, 0x03, 0xA0, 0xA7, 0x51, 0x45, 0x79, 0xC7, 0xA2, 0x14, 0x51, 0x45,
  0x00, 0x7C, 0xD1, 0xFB, 0x60, 0xF8, 0x45, 0xB5, 0x3F, 0x87, 0x1A, 0x67,
  0x8C, 0x2D, 0x61, 0xDD, 0x71, 0xA0, 0xDD, 0x6D, 0x99, 0x94, 0x72, 0x20,
  0x97, 0x0A, 0x49, 0xF6, 0x0E, 0x23, 0xFC, 0xCD, 0x7C, 0x83, 0x04, 0x89,
  0x6A, 0x96, 0x5A, 0xDC, 0x5C, 0x5B, 0xC9, 0xFE, 0x8B, 0x76, 0x07, 0xF0,
  0x9E, 0xA8, 0xE7, 0xF0, 0xFE, 0x5E, 0xF5, 0xFA, 0x7F, 0xE2, 0x5D, 0x02,
  0xC7, 0xC5, 0x3E, 0x14, 0xD5, 0x3C, 0x39, 0xA9, 0x2E, 0xEB, 0x4D, 0x4A,
  0xDA, 0x4B, 0x69, 0x38, 0xC9, 0x01, 0x94, 0x8C, 0x8F, 0x71, 0xD4, 0x7B,
  0x8A, 0xFC, 0xC9, 0xB9, 0xD2, 0xAF, 0x3C, 0x1D, 0xE2, 0x8D, 0x63, 0xC1,
  0x7E, 0x24, 0x88, 0x87, 0xB5, 0x95, 0xAD, 0x2E, 0x53, 0xFB, 0xC0, 0x1F,
  0x96, 0x45, 0xF6, 0x23, 0x0C, 0x0F, 0xA1, 0x15, 0xD9, 0x87, 0x96, 0x9C,
  0xA7, 0x1E, 0x22, 0x3F, 0x68, 0xF5, 0x5F, 0x0B, 0x5E, 0xD8, 0xF8, 0x82,
  0xCA, 0xC3, 0xC2, 0x3A, 0xCE, 0xA9, 0x26, 0x8F, 0x7B, 0x69, 0x3F, 0x9D,
  0xE1, 0xED, 0x7E, 0x23, 0xFB, 0xCD, 0x2E, 0xE0, 0x9C, 0x84, 0x27, 0xA9,
  0x85, 0xCE, 0x32, 0x3B, 0x13, 0x9A, 0xFA, 0x83, 0xE1, 0x77, 0xC4, 0xCD,
  0x47, 0x5C, 0xD4, 0x2F, 0x7C, 0x07, 0xE3, 0xDB, 0x48, 0xF4, 0x9F, 0x1E,
  0x68, 0xEB, 0xFE, 0x91, 0x0A, 0xF1, 0x15, 0xFC, 0x5D, 0x05, 0xC4, 0x27,
  0xA1, 0x07, 0x8C, 0x81, 0xD3, 0x3F, 0x80, 0xF8, 0x83, 0xE1, 0xF7, 0x86,
  0xAF, 0xBC, 0x67, 0xE2, 0x94, 0xF0, 0xC3, 0x6B, 0x2D, 0x65, 0xA4, 0xDA,
  0xC8, 0x16, 0x7D, 0x42, 0xDE, 0x33, 0x24, 0xCC, 0xA5, 0xB6, 0xA4, 0x71,
  0xAF, 0x77, 0x63, 0xC0, 0xEC, 0x30, 0x49, 0xE0, 0x73, 0xF5, 0x4D, 0x87,
  0xC0, 0x9F, 0xD9, 0xEB, 0x50, 0xBF, 0x93, 0xC3, 0xB6, 0x5A, 0xE3, 0xDF,
  0x78, 0x8A, 0x1C, 0xEE, 0x96, 0x3D, 0x74, 0xBD, 0xEA, 0x30, 0xFB, 0xC7,
  0x68, 0x6C, 0x64, 0x75, 0x23, 0x6F, 0x1D, 0xC5, 0x15, 0xDC, 0x5B, 0x1D,
  0x08, 0xCA, 0x2A, 0xCC, 0xFA, 0x36, 0x8A, 0xF9, 0xFF, 0x00, 0xC3, 0x1A,
  0xFF, 0x00, 0x8B, 0x3E, 0x11, 0x7C, 0x49, 0xD3, 0x7E, 0x1B, 0xF8, 0xF3,
  0x5A, 0x9B, 0x5F, 0xF0, 0xC6, 0xB8, 0x4C, 0x7A, 0x06, 0xBD, 0x75, 0xFE,
  0xBA, 0x29, 0x47, 0xFC, 0xBB, 0x4C, 0xDD, 0xCF, 0x20, 0x02, 0x7D, 0x47,
  0x62, 0x42, 0xFD, 0x01, 0x5C, 0x8D, 0x58, 0xEB, 0x0A, 0xF3, 0xCF, 0x89,
  0xFF, 0x00, 0x07, 0xFC, 0x1F, 0xF1, 0x5B, 0x4D, 0x86, 0x1F, 0x10, 0x41,
  0x2D, 0xBD, 0xFD, 0xA8, 0x22, 0xDB, 0x51, 0xB5, 0x21, 0x67, 0x84, 0x1F,
  0xE1, 0xC9, 0x04, 0x32, 0xE7, 0x9D, 0xA4, 0x7D, 0x30, 0x79, 0xAF, 0x43,
  0xA2, 0x92, 0x76, 0x03, 0xE4, 0x58, 0x7F, 0x62, 0x9B, 0x43, 0xA8, 0x06,
  0xBB, 0xF8, 0x89, 0x71, 0x25, 0x90, 0x6C, 0xEC, 0x8F, 0x4F, 0x55, 0x94,
  0x8F, 0x4D, 0xC5, 0xC8, 0x07, 0xDF, 0x1F, 0x85, 0x79, 0x3F, 0xC5, 0x7F,
  0x81, 0x1E, 0x27, 0xF8, 0x51, 0x77, 0x3E, 0xAB, 0x64, 0xB2, 0xEA, 0xFE,
  0x14, 0x32, 0x6E, 0x8E, 0xFE, 0x35, 0xCC, 0x96, 0xA3, 0x3C, 0x2C, 0xEA,
  0x3A, 0x7A, 0x6E, 0x1F, 0x29, 0xF6, 0x27, 0x15, 0xFA, 0x25, 0x4C, 0x96,
  0x28, 0xA7, 0x86, 0x48, 0x27, 0x8D, 0x25, 0x8A, 0x45, 0x28, 0xE8, 0xE0,
  0x32, 0xB2, 0x91, 0x82, 0x08, 0x3D, 0x41, 0xAD, 0x63, 0x56, 0x49, 0xDC,
  0xCE, 0x54, 0xE3, 0x25, 0x63, 0xF2, 0xBA, 0xC4, 0x2D, 0xEC, 0xC2, 0xEF,
  0x46, 0x9E, 0x3B, 0x1D, 0x4F, 0x1C, 0xC5, 0x9C, 0x43, 0x73, 0xF4, 0xEC,
  0xA7, 0xDB, 0xA7, 0xA6, 0x2B, 0xA4, 0xD1, 0xF5, 0xC4, 0xB9, 0xBC, 0xFB,
  0x1D, 0xDA, 0x3D, 0x86, 0xA9, 0x0B, 0x73, 0x13, 0x12, 0xA7, 0x70, 0xEE,
  0xA7, 0xD7, 0xF5, 0xAF, 0xA0, 0x3E, 0x2F, 0x7E, 0xCB, 0x11, 0x5C, 0x3D,
  0xC7, 0x89, 0xBE, 0x15, 0xC7, 0x1D, 0xA5, 0xD7, 0x32, 0x4D, 0xA1, 0xB3,
  0x6D, 0x8A, 0x53, 0xDC, 0xC2, 0x4F, 0x08, 0x7F, 0xD9, 0x3F, 0x2F, 0xA1,
  0x5E, 0x95, 0xF2, 0xD5, 0xE5, 0xCC, 0xAD, 0x34, 0x9A, 0x2F, 0x89, 0xEC,
  0x6E, 0x2D, 0x35, 0x2B, 0x26, 0xF2, 0xF7, 0xC8, 0x85, 0x2E, 0x6D, 0x98,
  0x7F, 0x0B, 0x03, 0xC9, 0x1E, 0xC7, 0xF0, 0xAE, 0xC8, 0x4D, 0x4B, 0x63,
  0x8A, 0x74, 0xDC, 0x7E, 0x2F, 0xBC, 0xF7, 0x38, 0x35, 0xDF, 0xF8, 0x49,
  0x75, 0x2D, 0x3E, 0xEF, 0x54, 0xD7, 0x1F, 0x40, 0xF1, 0x86, 0x9A, 0x02,
  0xE9, 0x7E, 0x2A, 0x8C, 0x72, 0x7D, 0x20, 0xBC, 0x03, 0xFD, 0x64, 0x47,
  0xA6, 0xE3, 0x92, 0x33, 0xCE, 0x41, 0x35, 0xF4, 0x57, 0xC3, 0x3F, 0x8B,
  0x2F, 0xE2, 0x4D, 0x56, 0x6F, 0x04, 0x78, 0xD6, 0xC1, 0x34, 0x0F, 0x1D,
  0x58, 0xA6, 0xF9, 0x6D, 0x03, 0x66, 0x1B, 0xE8, 0xF1, 0x91, 0x3D, 0xBB,
  0x74, 0x65, 0x23, 0x9C, 0x64, 0xE0, 0x7A, 0x80, 0x71, 0xF0, 0x7D, 0xB7,
  0x89, 0x35, 0x2B, 0x30, 0x9A, 0x75, 0xD5, 0xA1, 0xD4, 0xEE, 0xA6, 0xC2,
  0xD9, 0xC9, 0x07, 0x26, 0x72, 0x4E, 0x00, 0x20, 0x72, 0x4E, 0x78, 0xF5,
  0xCF, 0x1E, 0xF5, 0xEB, 0x3E, 0x1F, 0xF8, 0x59, 0xF1, 0x0F, 0xC5, 0xF7,
  0x16, 0x17, 0x17, 0x1E, 0x20, 0xD5, 0x6F, 0x75, 0x0D, 0x05, 0x8C, 0x70,
  0x26, 0x8E, 0xD1, 0xC7, 0x0E, 0x90, 0xE0, 0xE4, 0xC4, 0x2E, 0xE4, 0x60,
  0xA5, 0xD4, 0xFD, 0xE4, 0x88, 0x3E, 0xD3, 0xC1, 0x20, 0xF1, 0x58, 0xD5,
  0x8C, 0x4D, 0xA8, 0xB9, 0xF5, 0xD8, 0xFB, 0xBE, 0x8A, 0xF9, 0x27, 0x43,
  0xF8, 0x97, 0xF1, 0x2F, 0xE1, 0x0F, 0x89, 0x65, 0xD3, 0x3E, 0x20, 0x1D,
  0x4F, 0xC4, 0x9E, 0x1D, 0xC8, 0x33, 0x1B, 0xAD, 0xB2, 0x5F, 0x58, 0x03,
  0xFF, 0x00, 0x2D, 0x15, 0xD7, 0x89, 0xA3, 0xF5, 0xE7, 0xE9, 0x8C, 0x10,
  0x7E, 0xA3, 0xD1, 0x35, 0xED, 0x23, 0xC4, 0x9A, 0x1D, 0xA6, 0xB7, 0xA1,
  0xDF, 0xC5, 0x7F, 0xA7, 0x5E, 0x27, 0x99, 0x0C, 0xF1, 0x1C, 0xAB, 0x8F,
  0xE8, 0x41, 0xE0, 0x83, 0xC8, 0x3C, 0x1A, 0xE6, 0x71, 0x68, 0xE9, 0x52,
  0x4C, 0xD2, 0xA5, 0xA4, 0xA5, 0xA9, 0x28, 0x29, 0x8E, 0xE1, 0x46, 0x4D,
  0x3C, 0xD6, 0x6E, 0xA1, 0x3F, 0x97, 0x11, 0x22, 0xAE, 0x11, 0xE6, 0x76,
  0x31, 0xAD, 0x51, 0x53, 0x83, 0x93, 0x3C, 0x6B, 0xE3, 0xEF, 0xC5, 0x5D,
  0x4F, 0xC1, 0x9A, 0x15, 0xB6, 0x87, 0xE1, 0x79, 0x02, 0x78, 0x83, 0x56,
  0x0D, 0xB2, 0x70, 0x32, 0x6D, 0x61, 0x1C, 0x34, 0x80, 0x74, 0xDC, 0x4F,
  0x0B, 0x9E, 0x9C, 0x9E, 0xD5, 0xF2, 0x1E, 0x9D, 0x69, 0x25, 0xA4, 0xB7,
  0x17, 0xFA, 0xD7, 0x83, 0xEE, 0x75, 0xC9, 0x2E, 0x1C, 0xC9, 0x35, 0xCC,
  0xBA, 0x95, 0xCC, 0x32, 0xC8, 0x4F, 0x52, 0x59, 0x0E, 0x09, 0xCF, 0x39,
  0x20, 0xD7, 0xD4, 0xBA, 0xA7, 0x87, 0x2D, 0xFC, 0x6B, 0xF1, 0x5A, 0xE3,
  0x51, 0x96, 0x33, 0x2A, 0xDA, 0x46, 0x96, 0x88, 0x09, 0xC8, 0xCA, 0x92,
  0x4E, 0x3D, 0x39, 0x27, 0x3F, 0x4A, 0xEF, 0x5B, 0xE1, 0x86, 0x9B, 0xFD,
  0x9E, 0x53, 0xEC, 0xB0, 0xE7, 0x1F, 0xF3, 0xCF, 0x8F, 0xCF, 0xAD, 0x7D,
  0x17, 0xD5, 0x30, 0xD4, 0x22, 0x96, 0x22, 0x56, 0x93, 0xEC, 0x7C, 0x37,
  0xF6, 0xCE, 0x3B, 0x13, 0x52, 0x4F, 0x03, 0x4B, 0x9E, 0x31, 0xDD, 0xB7,
  0x6F, 0xB8, 0xF9, 0xFF, 0x00, 0xE1, 0xF7, 0xC5, 0x8D, 0x63, 0x45, 0x21,
  0x7C, 0x1B, 0xAA, 0x6A, 0xBA, 0xC5, 0xBD, 0xAA, 0x6F, 0xBB, 0xF0, 0x77,
  0x88, 0x26, 0x13, 0x5C, 0x88, 0x54, 0x65, 0xDA, 0xC2, 0xE8, 0x01, 0xE6,
  0x15, 0x5C, 0x9F, 0x29, 0x80, 0x38, 0x07, 0x00, 0xD5, 0x2F, 0x8D, 0x3E,
  0x23, 0xF0, 0xDF, 0xC5, 0x59, 0xA6, 0xD7, 0xFC, 0x3D, 0x01, 0x36, 0xA3,
  0x4C, 0x48, 0xA3, 0xBB, 0x64, 0xDA, 0xD2, 0x32, 0x93, 0x20, 0xDC, 0x3B,
  0x6D, 0x6C, 0xAF, 0x3F, 0xED, 0x63, 0xAD, 0x53, 0xF8, 0xB3, 0xE0, 0x39,
  0x7C, 0x2F, 0xAA, 0x45, 0xAC, 0xE9, 0x2E, 0xD6, 0x77, 0x56, 0xF2, 0x89,
  0x63, 0x96, 0x23, 0x86, 0x8D, 0xD4, 0xE5, 0x58, 0x1F, 0x51, 0x8C, 0x83,
  0xED, 0x5E, 0x68, 0x35, 0xDB, 0xF9, 0xAD, 0xF5, 0x9D, 0x0E, 0xC3, 0x0B,
  0x26, 0xB9, 0x77, 0x0C, 0x96, 0xD6, 0x91, 0xFC, 0xA9, 0xF6, 0x89, 0xD7,
  0x6B, 0x60, 0x0E, 0x80, 0x31, 0x38, 0x1D, 0x06, 0x6B, 0x8A, 0xBE, 0x13,
  0xD8, 0x4E, 0xF7, 0xBA, 0x7B, 0x33, 0xDE, 0xCB, 0xF3, 0x55, 0x8F, 0xA3,
  0x74, 0xB9, 0x64, 0x9D, 0x9A, 0xEC, 0xD1, 0xE9, 0x7F, 0xB3, 0xFF, 0x00,
  0xEC, 0xF3, 0x6F, 0xE3, 0xED, 0x26, 0xCB, 0xC7, 0x1E, 0x30, 0xBC, 0x0D,
  0xE1, 0xE3, 0x23, 0x0B, 0x7D, 0x36, 0x06, 0x21, 0xEE, 0x8A, 0x31, 0x52,
  0x65, 0x61, 0xF7, 0x53, 0x20, 0x8C, 0x0E, 0x4F, 0xA8, 0x1D, 0x7E, 0xE1,
  0xB0, 0xD3, 0xEC, 0x74, 0xAD, 0x3A, 0x0D, 0x3B, 0x4C, 0xB3, 0x86, 0xCE,
  0xCE, 0xDD, 0x04, 0x71, 0x41, 0x02, 0x04, 0x48, 0xD4, 0x76, 0x00, 0x70,
  0x2B, 0x9A, 0xF8, 0x6D, 0xE0, 0xC8, 0x7E, 0x1F, 0x7C, 0x34, 0xD1, 0x3C,
  0x21, 0x0C, 0xC2, 0x76, 0xD3, 0xE0, 0xDB, 0x2C, 0xA0, 0x60, 0x49, 0x2B,
  0x12, 0xD2, 0x30, 0xF6, 0x2C, 0xC7, 0x1E, 0xD8, 0xAE, 0xBA, 0xBC, 0xA9,
  0x49, 0xC9, 0xEA, 0x7B, 0xF1, 0x8A, 0x4B, 0x40, 0xA2, 0x8A, 0x2A, 0x0A,
  0x0A, 0x28, 0xA2, 0x80, 0x0A, 0xF9, 0x33, 0xF6, 0x98, 0xF1, 0x85, 0xBE,
  0x89, 0xF1, 0x9F, 0xC0, 0x29, 0xA8, 0x4F, 0x1C, 0x96, 0x1A, 0x4C, 0x32,
  0xEA, 0x22, 0x10, 0x43, 0xF9, 0x77, 0x24, 0xED, 0x8A, 0x49, 0x13, 0xAE,
  0xD0, 0x55, 0x48, 0xF5, 0xF9, 0xBD, 0xEB, 0xEA, 0x5D, 0x5F, 0x54, 0xB2,
  0xD0, 0xF4, 0x3B, 0xED, 0x67, 0x51, 0x94, 0x45, 0x67, 0x61, 0x03, 0xDC,
  0xCC, 0xE7, 0xF8, 0x51, 0x14, 0xB1, 0x3F, 0x90, 0xAF, 0x90, 0xB4, 0xBD,
  0x6A, 0x1B, 0x5F, 0x87, 0x9A, 0x8F, 0x8E, 0x7C, 0x4D, 0xA0, 0xD8, 0xEB,
  0x9A, 0xF7, 0xC4, 0xAB, 0xC9, 0x6E, 0x1E, 0xD7, 0x51, 0x52, 0xE9, 0x06,
  0x9B, 0x1B, 0x6D, 0x8D, 0x06, 0x08, 0x23, 0xB6, 0xD2, 0x0F, 0xF7, 0x4F,
  0x55, 0x15, 0xA4, 0x15, 0xD9, 0x13, 0x69, 0x2D, 0x4A, 0xF7, 0x5F, 0x10,
  0xF5, 0x3D, 0x3E, 0xDF, 0xC1, 0x9A, 0xF5, 0xCD, 0xB9, 0xF1, 0x1E, 0x91,
  0xA2, 0xDE, 0x5E, 0x5C, 0x5E, 0x2B, 0x29, 0xB9, 0x1E, 0x64, 0xC0, 0x18,
  0x6E, 0x59, 0x47, 0x2C, 0x17, 0x32, 0x80, 0xDF, 0xC2, 0x4F, 0xA9, 0x15,
  0x93, 0x7D, 0xE3, 0x99, 0xBC, 0x45, 0xE3, 0xED, 0x63, 0xC7, 0x71, 0xE9,
  0xBF, 0xD8, 0xDA, 0x0C, 0xD6, 0x11, 0xC5, 0x2B, 0x79, 0x06, 0xDD, 0x2F,
  0x26, 0x8D, 0xCB, 0x07, 0x0A, 0xDC, 0xB9, 0x55, 0x24, 0x6F, 0x3E, 0xA0,
  0x7A, 0x0A, 0xF3, 0x8F, 0x11, 0x34, 0x1E, 0x0D, 0xB8, 0xB5, 0xBD, 0xF0,
  0x3E, 0xA7, 0xA8, 0x59, 0xC7, 0x79, 0x23, 0x29, 0xD2, 0xEE, 0x88, 0x94,
  0x5B, 0xB7, 0x5F, 0xDD, 0xCA, 0x08, 0x2C, 0xBD, 0xB9, 0x00, 0xFA, 0x93,
  0xD6, 0xB8, 0xFD, 0x5F, 0xC5, 0x7A, 0xC7, 0x88, 0x24, 0x27, 0xC4, 0x5A,
  0xAD, 0xC4, 0xC8, 0xB8, 0xCC, 0x64, 0xF0, 0xD8, 0xEC, 0x49, 0x35, 0xD2,
  0xA3, 0xA9, 0xCD, 0x7D, 0x0D, 0x3F, 0x03, 0xF8, 0x5A, 0xDF, 0xC6, 0x3F,
  0x10, 0x7C, 0x35, 0xA0, 0xCF, 0x71, 0x3D, 0xB5, 0xBE, 0xBB, 0x7E, 0xD1,
  0x4A, 0x61, 0x00, 0xBC, 0x71, 0xE7, 0x39, 0x5C, 0xF7, 0xC6, 0x79, 0xED,
  0xD6, 0xBF, 0x4F, 0xB4, 0x7D, 0x23, 0x4E, 0xD0, 0x34, 0x4B, 0x2D, 0x13,
  0x48, 0xB5, 0x4B, 0x4B, 0x0B, 0x18, 0x96, 0x08, 0x21, 0x41, 0xC2, 0x22,
  0x8C, 0x01, 0xFF, 0x00, 0xD7, 0xEF, 0x5F, 0x21, 0x7E, 0xCB, 0x9F, 0x0B,
  0x75, 0x7B, 0xDF, 0x16, 0x45, 0xF1, 0x37, 0x5C, 0xD3, 0xE4, 0xB1, 0xD2,
  0xAC, 0x61, 0x68, 0xB4, 0x98, 0xA6, 0x52, 0xAD, 0x70, 0xEC, 0x0A, 0x99,
  0x40, 0x3F, 0xC0, 0x14, 0xB0, 0x07, 0xB9, 0x6E, 0x3A, 0x57, 0xD9, 0x95,
  0xCF, 0x55, 0xDD, 0xD9, 0x1D, 0x14, 0xD6, 0x97, 0x61, 0x45, 0x14, 0x56,
  0x46, 0x81, 0x45, 0x14, 0x50, 0x01, 0x5F, 0x2A, 0x7E, 0xD7, 0xDE, 0x01,
  0xD2, 0x9B, 0xC3, 0x56, 0x9F, 0x12, 0x6D, 0x77, 0x5B, 0xEA, 0xF6, 0xD3,
  0x45, 0x61, 0x70, 0x51, 0x7E, 0x5B, 0x98, 0x9B, 0x3B, 0x4B, 0x7F, 0xB4,
  0xA7, 0xA1, 0xF4, 0x38, 0xEC, 0x31, 0xF5, 0x5D, 0x72, 0x5F, 0x12, 0x7C,
  0x17, 0x6F, 0xF1, 0x0B, 0xE1, 0xBE, 0xB3, 0xE1, 0x1B, 0x89, 0x16, 0x16,
  0xBE, 0x87, 0x10, 0xCC, 0xC3, 0x22, 0x29, 0x54, 0x86, 0x8D, 0xBE, 0x81,
  0x80, 0xCF, 0xB6, 0x6A, 0xA2, 0xEC, 0xEE, 0x26, 0xAE, 0xAC, 0x7C, 0x15,
  0xF0, 0xBA, 0xEE, 0x4D, 0x2A, 0x7F, 0x13, 0x69, 0x16, 0x33, 0x79, 0x3A,
  0xBC, 0x96, 0xF2, 0x35, 0x8C, 0x8C, 0x76, 0x9D, 0xED, 0x0B, 0xA2, 0x30,
  0x3D, 0x88, 0x66, 0x1C, 0xF6, 0x24, 0x1A, 0xEB, 0xC7, 0xC4, 0x5B, 0xBB,
  0xCF, 0x84, 0xDA, 0x4F, 0xC3, 0x6D, 0x1F, 0xC1, 0xFF, 0x00, 0xD9, 0x9E,
  0x22, 0xD3, 0x9A, 0xDF, 0xC8, 0xB9, 0xFB, 0x13, 0xC3, 0x2D, 0x8C, 0xF1,
  0xBA, 0xB3, 0x5C, 0x19, 0x0F, 0x0A, 0x78, 0x62, 0x5F, 0xA9, 0x0C, 0x41,
  0xEA, 0x6B, 0xC8, 0x7C, 0x43, 0xA7, 0x6B, 0x9E, 0x10, 0xF1, 0x01, 0xD1,
  0xFC, 0x4D, 0x67, 0x75, 0xA2, 0x78, 0x87, 0x4E, 0x3B, 0x12, 0x50, 0x3F,
  0xD6, 0x28, 0xE8, 0xCA, 0x7A, 0x3A, 0x9E, 0xC4, 0x64, 0x11, 0xF9, 0x53,
  0xFF, 0x00, 0xE1, 0x39, 0xF1, 0x8E, 0xA5, 0x14, 0x16, 0x37, 0x5A, 0xF4,
  0xD1, 0x5A, 0x49, 0x22, 0x42, 0x65, 0xC6, 0x42, 0x64, 0xE3, 0x38, 0xCE,
  0x38, 0x1C, 0xF1, 0x8A, 0xEB, 0x69, 0x3D, 0x51, 0xC8, 0x9B, 0x5B, 0x9E,
  0xB1, 0xF1, 0x87, 0xE2, 0x6C, 0x3A, 0xAE, 0x93, 0xAF, 0xE9, 0x37, 0x37,
  0x52, 0x4D, 0x3D, 0xDD, 0xE4, 0x7A, 0x8E, 0x9B, 0x1C, 0x67, 0x2D, 0x63,
  0x2C, 0x6C, 0x3F, 0x78, 0x3F, 0xB8, 0x19, 0x37, 0x64, 0x7A, 0x90, 0x71,
  0xD6, 0xBE, 0xDE, 0xF0, 0xAE, 0xA2, 0xFA, 0xBF, 0x83, 0x34, 0x4D, 0x52,
  0x5B, 0x88, 0x6E, 0x25, 0xBB, 0xB1, 0x86, 0x69, 0x25, 0x81, 0xC3, 0xA3,
  0xBB, 0x20, 0x2C, 0x54, 0x8E, 0x08, 0xCE, 0x6B, 0xE4, 0x4F, 0x87, 0xFA,
  0xAF, 0x81, 0xBE, 0x1F, 0xDF, 0x45, 0x65, 0x69, 0xE1, 0x74, 0xD5, 0x63,
  0xBF, 0x3F, 0x67, 0xD6, 0x35, 0x9D, 0x63, 0x12, 0x5C, 0xCF, 0x13, 0xF0,
  0xE1, 0x10, 0x65, 0x63, 0x4E, 0x72, 0x57, 0x2D, 0x90, 0x39, 0x27, 0xB7,
  0xAC, 0x7C, 0x12, 0x9D, 0xFC, 0x11, 0xE3, 0xEF, 0x18, 0x7C, 0x17, 0xBA,
  0x9D, 0x9A, 0xD7, 0x4E, 0x97, 0xFB, 0x5B, 0x42, 0x2E, 0xD9, 0xDD, 0x65,
  0x31, 0xC9, 0x45, 0x3D, 0xC2, 0xB1, 0x1F, 0x89, 0x6A, 0xC6, 0xA4, 0x5A,
  0xE8, 0x6D, 0x4E, 0x49, 0xF5, 0xB9, 0xEF, 0x74, 0x51, 0x45, 0x60, 0x6C,
  0x14, 0x51, 0x45, 0x00, 0x15, 0xE5, 0xDF, 0x16, 0x3E, 0x09, 0xF8, 0x53,
  0xE2, 0xAE, 0x98, 0xCF, 0x79, 0x10, 0xD3, 0xB5, 0xE8, 0x93, 0x16, 0xDA,
  0xB4, 0x08, 0x3C, 0xC5, 0xC7, 0x45, 0x71, 0xFF, 0x00, 0x2D, 0x13, 0xD8,
  0xF2, 0x3B, 0x11, 0x5E, 0xA3, 0x45, 0x34, 0xED, 0xAA, 0x0B, 0x5C, 0xFC,
  0xCA, 0xB6, 0xF0, 0x26, 0xA3, 0xE1, 0xCF, 0x89, 0x7A, 0xE7, 0x86, 0xF5,
  0xF7, 0x8E, 0x4B, 0xDD, 0x0D, 0x76, 0x34, 0x96, 0xCE, 0x76, 0x96, 0x70,
  0x36, 0x48, 0xAD, 0xC1, 0x1F, 0x2B, 0x64, 0x74, 0x20, 0x91, 0xDC, 0x57,
  0xD4, 0x6F, 0xF1, 0x96, 0xD3, 0x4F, 0xF0, 0x4E, 0x8F, 0xE0, 0xCF, 0x86,
  0x3A, 0x7D, 0x9E, 0x9F, 0xA9, 0x5A, 0xE9, 0xE2, 0x4B, 0xDB, 0x8B, 0xF5,
  0xD9, 0x65, 0xA1, 0x5B, 0x20, 0x0A, 0xD3, 0xC9, 0x8F, 0xBE, 0x4B, 0x1F,
  0x94, 0x0C, 0x96, 0x24, 0x67, 0x24, 0xE0, 0xF2, 0x1F, 0xB4, 0x3F, 0x86,
  0xAE, 0x3C, 0x19, 0xF1, 0x72, 0xCB, 0xE2, 0x2D, 0xA4, 0xC1, 0x74, 0xCF,
  0x11, 0xAA, 0xD8, 0xDE, 0x0F, 0xF9, 0xE7, 0x70, 0x8B, 0x85, 0x24, 0x77,
  0x56, 0x45, 0x1F, 0xF7, 0xCB, 0x7A, 0x8A, 0xF1, 0x3B, 0x4B, 0xDB, 0x8D,
  0x5A, 0xC2, 0x7D, 0x26, 0x26, 0x08, 0x75, 0x8D, 0x4D, 0xEE, 0xAF, 0x59,
  0x7F, 0x8D, 0x22, 0x3B, 0x20, 0x8C, 0xFF, 0x00, 0xB2, 0xBF, 0x3B, 0x01,
  0xEA, 0x41, 0xEC, 0x2B, 0xBE, 0x14, 0x9D, 0x6E, 0x54, 0xB7, 0x67, 0x9B,
  0x5B, 0x11, 0x1C, 0x32, 0x94, 0xA5, 0xB2, 0x47, 0x41, 0xAF, 0xF8, 0x9B,
  0x49, 0xF1, 0x1E, 0xA3, 0x2C, 0xBF, 0x63, 0xF1, 0x17, 0x8F, 0x6F, 0xF1,
  0xB5, 0xB5, 0x7D, 0x5F, 0x50, 0x96, 0xD1, 0x0F, 0xFD, 0x71, 0xB5, 0x83,
  0x1E, 0x52, 0x67, 0xA0, 0x66, 0x3F, 0x41, 0x53, 0xFC, 0x34, 0xF1, 0xFF,
  0x00, 0x89, 0x3E, 0x15, 0x78, 0x95, 0x27, 0x86, 0xD6, 0xE2, 0x2F, 0x0C,
  0x5C, 0xC9, 0x9B, 0xCD, 0x25, 0xE4, 0x69, 0x11, 0x41, 0xEB, 0x24, 0x7B,
  0xB9, 0x57, 0x1D, 0x7F, 0xDA, 0xC6, 0x0F, 0xB7, 0xBB, 0xFC, 0x3C, 0xF8,
  0x5D, 0x6C, 0xDA, 0x54, 0x59, 0xB7, 0x45, 0x8D, 0x40, 0xC9, 0x65, 0xCE,
  0x4E, 0x3F, 0x53, 0xEA, 0x6B, 0x6B, 0xC6, 0x3F, 0x0A, 0xF4, 0xF6, 0xD1,
  0xA6, 0x6F, 0xB3, 0x46, 0x46, 0x39, 0x21, 0x36, 0x95, 0xF7, 0xF7, 0x15,
  0xEC, 0xAC, 0x1E, 0x12, 0x12, 0xF6, 0x32, 0xA9, 0xEF, 0xFE, 0x17, 0x3E,
  0x2A, 0x59, 0xF6, 0x3E, 0xAC, 0x1E, 0x2E, 0x9D, 0x0F, 0xDC, 0xAE, 0xBD,
  0x6D, 0xDE, 0xDD, 0x8F, 0x64, 0xD3, 0xF5, 0x1B, 0x7B, 0xFB, 0x48, 0x6E,
  0xED, 0x65, 0x59, 0x60, 0x9D, 0x16, 0x48, 0xDD, 0x7A, 0x32, 0xB0, 0xC8,
  0x3F, 0x91, 0xAD, 0x00, 0x73, 0x5E, 0x57, 0xF0, 0xBA, 0xF4, 0x27, 0x84,
  0x2C, 0xF4, 0xAD, 0xEC, 0x5F, 0x4D, 0x5F, 0xB2, 0x36, 0xE3, 0x93, 0xF2,
  0xF4, 0xFD, 0x31, 0xF9, 0x57, 0xA8, 0x42, 0xDB, 0x96, 0xBC, 0x2C, 0x5E,
  0x1D, 0xD0, 0xA8, 0xE1, 0x2E, 0x87, 0xD9, 0x65, 0xB8, 0xD8, 0xE2, 0xE8,
  0xAA, 0x91, 0xD9, 0x92, 0x1E, 0x95, 0x91, 0xA9, 0xA1, 0x31, 0x1E, 0x2B,
  0x62, 0xAA, 0xDC, 0xC3, 0xBD, 0x08, 0xC5, 0x61, 0x4A, 0x5C, 0xB2, 0xB9,
  0xD9, 0x89, 0xA7, 0xED, 0x29, 0xB8, 0x9E, 0x39, 0xE1, 0x4B, 0xA8, 0xF4,
  0x5F, 0x1C, 0xEA, 0x36, 0x77, 0xA3, 0x61, 0x33, 0x34, 0x8A, 0xCD, 0xDD,
  0x5B, 0xBF, 0xEA, 0x2B, 0xD8, 0x1B, 0x52, 0xB3, 0x16, 0xC6, 0x5F, 0x39,
  0x36, 0xE3, 0xD7, 0x8A, 0xE2, 0x7C, 0x47, 0xE1, 0x0B, 0x7D, 0x5C, 0xAC,
  0xDB, 0x9A, 0xDE, 0xEA, 0x2F, 0xF5, 0x73, 0xC7, 0xF7, 0x97, 0xD8, 0xFA,
  0x8A, 0xE4, 0x64, 0xF0, 0x7F, 0x8A, 0x18, 0xF9, 0x07, 0x58, 0x80, 0xC7,
  0xFD, 0xFD, 0x87, 0x3F, 0x97, 0x4A, 0xFA, 0x4A, 0xD4, 0xF0, 0xF8, 0xE7,
  0x1A, 0xB2, 0xA9, 0xCA, 0xEC, 0x93, 0xFF, 0x00, 0x80, 0x7E, 0x77, 0x86,
  0xAF, 0x98, 0x64, 0xDC, 0xF4, 0x29, 0x51, 0xF6, 0x91, 0x6D, 0xB4, 0xEF,
  0x6B, 0x5F, 0xBE, 0xE7, 0x0B, 0xF1, 0xCF, 0x5E, 0xD3, 0xEF, 0x2D, 0xE5,
  0x82, 0x17, 0x56, 0xF4, 0x3F, 0x40, 0x79, 0xFC, 0xCF, 0xE9, 0x58, 0xBF,
  0xB3, 0xBF, 0xC1, 0xE9, 0x2F, 0x75, 0xD8, 0x7E, 0x21, 0xF8, 0x9E, 0xCD,
  0xD2, 0xDE, 0xD5, 0x83, 0x69, 0x36, 0xF2, 0x8C, 0x79, 0x8E, 0x3F, 0xE5,
  0xB9, 0x1F, 0xDD, 0x5F, 0xE1, 0xF5, 0x3C, 0xF6, 0x19, 0xF6, 0x7D, 0x27,
  0xE1, 0x76, 0x86, 0x97, 0x31, 0xDD, 0xEA, 0x56, 0x8B, 0xAA, 0x5D, 0xA3,
  0x6E, 0xF3, 0x6E, 0x86, 0xE0, 0x0F, 0xB2, 0xF4, 0xFC, 0xF3, 0x5E, 0xA3,
  0x69, 0x6C, 0xB0, 0xC6, 0xAA, 0x06, 0x30, 0x31, 0x5C, 0xB9, 0x85, 0x7A,
  0x56, 0x54, 0xE9, 0x3B, 0xA4, 0xAC, 0x7A, 0xB9, 0x0E, 0x0F, 0x11, 0x1E,
  0x6A, 0xB5, 0xD5, 0xA5, 0x36, 0xDB, 0xF9, 0x96, 0xD7, 0xEE, 0x8A, 0x75,
  0x25, 0x2D, 0x78, 0x07, 0xDC, 0x20, 0xA2, 0x9A, 0xCE, 0x89, 0xF7, 0x9D,
  0x57, 0xEA, 0x71, 0x50, 0xB5, 0xED, 0x9A, 0x7D, 0xEB, 0xA8, 0x87, 0xFC,
  0x0C, 0x50, 0x05, 0x8A, 0x2A, 0x8B, 0x6A, 0xDA, 0x6A, 0xF5, 0xBB, 0x4F,
  0xC3, 0x26, 0xA8, 0xEA, 0x5E, 0x2B, 0xD0, 0xF4, 0x9D, 0x2A, 0xEF, 0x53,
  0xBD, 0xBB, 0x29, 0x6B, 0x67, 0x0B, 0xCF, 0x2B, 0xEC, 0x3F, 0x2A, 0x2A,
  0x96, 0x27, 0xF2, 0x14, 0xEC, 0xC5, 0x74, 0x79, 0x47, 0xED, 0x31, 0xAC,
  0x14, 0xF0, 0x06, 0x93, 0xE0, 0xA8, 0xAF, 0xE2, 0xD3, 0xDF, 0xC5, 0xBA,
  0x9C, 0x3A, 0x7C, 0xB7, 0x53, 0x38, 0x44, 0x82, 0xDC, 0x10, 0xF2, 0xBB,
  0x31, 0xE0, 0x00, 0x02, 0xE7, 0xD8, 0x9A, 0xF2, 0x2F, 0x1C, 0x5A, 0x68,
  0x37, 0xDA, 0xC4, 0xF7, 0x7E, 0x17, 0xF1, 0xA7, 0x86, 0x75, 0x2D, 0x26,
  0xC2, 0xDE, 0x1B, 0x5B, 0x3B, 0x1B, 0x6D, 0x55, 0x1A, 0x78, 0x60, 0x8A,
  0x35, 0x40, 0x04, 0x6D, 0x8C, 0xF4, 0x24, 0x85, 0x27, 0x39, 0xCD, 0x72,
  0x92, 0xEB, 0x7A, 0x6F, 0xC5, 0x5F, 0x1B, 0x47, 0xE2, 0x7F, 0x8A, 0x3E,
  0x25, 0xB4, 0xD3, 0x2C, 0x2E, 0xE4, 0x77, 0xB0, 0xB3, 0xBE, 0x9B, 0x10,
  0x69, 0xF6, 0xA0, 0xF0, 0x16, 0x3C, 0xFC, 0xEE, 0xC0, 0x0F, 0xA9, 0xE4,
  0xF1, 0xD3, 0xD5, 0x6F, 0x3C, 0x0D, 0xFB, 0x3C, 0xF8, 0xCF, 0x43, 0x6D,
  0x1F, 0xC1, 0x1A, 0xC7, 0x84, 0xA6, 0xD6, 0xB6, 0x8F, 0x29, 0x24, 0x65,
  0x85, 0xE6, 0x23, 0xB0, 0x31, 0xEC, 0x70, 0x4F, 0xA8, 0x0C, 0x07, 0xF7,
  0x4D, 0x6F, 0x1F, 0xDD, 0xD8, 0xC6, 0x49, 0x54, 0x3E, 0x62, 0xD5, 0x6E,
  0x16, 0xEF, 0xC5, 0x97, 0x77, 0x12, 0x73, 0x6F, 0xA4, 0x42, 0x55, 0x47,
  0xAC, 0xAD, 0xC7, 0xF3, 0x3F, 0xA5, 0x7A, 0xB7, 0xEC, 0x9D, 0xE0, 0xCB,
  0x7F, 0x12, 0xFC, 0x4C, 0xD5, 0xBC, 0x43, 0xA9, 0xD8, 0x43, 0x77, 0xA7,
  0xE8, 0xB6, 0x82, 0x34, 0x59, 0xE2, 0x0E, 0x86, 0xE2, 0x46, 0xF9, 0x4E,
  0x08, 0xC6, 0x42, 0xA3, 0x9F, 0x6C, 0x8A, 0xF1, 0x7F, 0x11, 0x68, 0xF7,
  0xDE, 0x18, 0x86, 0x58, 0xF2, 0xD2, 0xE9, 0xD7, 0x32, 0xEE, 0xDE, 0xDC,
  0xBA, 0x48, 0x01, 0xC2, 0xB9, 0xEF, 0xDF, 0x9E, 0xFE, 0xD5, 0xF6, 0xD7,
  0xEC, 0xEF, 0xA5, 0xA7, 0x81, 0xBE, 0x0C, 0x69, 0xB0, 0xDC, 0x58, 0x30,
  0xD4, 0x35, 0x56, 0x3A, 0x95, 0xD1, 0x27, 0x69, 0x05, 0xF1, 0xB1, 0x4F,
  0x19, 0xE2, 0x30, 0x9F, 0x8E, 0x6B, 0x5A, 0x92, 0xF7, 0x6C, 0xB7, 0x32,
  0xA6, 0xBD, 0xEB, 0xB3, 0xDE, 0x80, 0x00, 0x00, 0x06, 0x00, 0xED, 0x4B,
  0x5C, 0xEF, 0xFC, 0x24, 0xC3, 0xB5, 0x97, 0xFE, 0x3F, 0xFF, 0x00, 0xD6,
  0xA5, 0xFF, 0x00, 0x84, 0x8D, 0xFB, 0x59, 0x8F, 0xFB, 0xEF, 0xFF, 0x00,
  0xAD, 0x5C, 0x76, 0x67, 0x5D, 0xD1, 0xD0, 0xD1, 0x5C, 0xEF, 0xFC, 0x24,
  0x72, 0x7F, 0xCF, 0xA2, 0xFF, 0x00, 0xDF, 0x67, 0xFC, 0x28, 0xFF, 0x00,
  0x84, 0x8E, 0x5F, 0xF9, 0xF4, 0x4F, 0xFB, 0xE8, 0xD1, 0x66, 0x1C, 0xC8,
  0xE8, 0xA8, 0xAE, 0x74, 0xF8, 0x8A, 0x6F, 0xF9, 0xF5, 0x4F, 0xFB, 0xE8,
  0xD2, 0x7F, 0xC2, 0x47, 0x2F, 0xFC, 0xFA, 0x27, 0xFD, 0xF6, 0x7F, 0xC2,
  0x8B, 0x30, 0xBA, 0x3A, 0x3A, 0x2B, 0x9D, 0xFF, 0x00, 0x84, 0x8E, 0x4E,
  0xF6, 0x8B, 0xFF, 0x00, 0x7D, 0xFF, 0x00, 0xF5, 0xA9, 0x47, 0x89, 0x1B,
  0xBD, 0x98, 0xFF, 0x00, 0xBE, 0xFF, 0x00, 0xFA, 0xD4, 0x59, 0x85, 0xD1,
  0x43, 0xE2, 0x4F, 0x82, 0xEC, 0x3C, 0x75, 0xF0, 0xFB, 0x5A, 0xD0, 0xEE,
  0x2C, 0xAD, 0xE7, 0xBC, 0x9E, 0xCE, 0x54, 0xB3, 0x9A, 0x58, 0x95, 0x9A,
  0x19, 0x4A, 0x9D, 0x8C, 0xA4, 0x8C, 0xA9, 0xDD, 0x8E, 0x45, 0x7E, 0x66,
  0xE9, 0xF0, 0xB5, 0xD6, 0x91, 0x7D, 0xA6, 0x4C, 0x86, 0x3B, 0x94, 0x04,
  0x85, 0x3C, 0x15, 0x74, 0x27, 0x23, 0xEB, 0xD4, 0x57, 0xEA, 0x01, 0xF1,
  0x30, 0x5E, 0xB6, 0x47, 0xFE, 0xFE, 0x7F, 0xF5, 0xAB, 0xF3, 0xF7, 0xE3,
  0x37, 0x87, 0xAE, 0x7C, 0x3B, 0xF1, 0xD7, 0x57, 0x8F, 0x4B, 0xB3, 0x64,
  0x8B, 0x59, 0x94, 0x6A, 0x16, 0x71, 0x8E, 0x99, 0x97, 0x97, 0x03, 0xB6,
  0x03, 0xEF, 0xFA, 0x0A, 0xE9, 0xA0, 0xEC, 0xDA, 0x67, 0x3D, 0x65, 0x74,
  0x9A, 0xDD, 0x1A, 0x3E, 0x11, 0x91, 0xFC, 0x49, 0xA2, 0xDB, 0x4C, 0xD7,
  0x96, 0x56, 0x9B, 0x63, 0xDB, 0x3C, 0xF7, 0xD7, 0x49, 0x6F, 0x12, 0x11,
  0xF2, 0x92, 0xCC, 0xE4, 0x0E, 0x7D, 0x06, 0x4F, 0x3D, 0x2B, 0xD4, 0x35,
  0x6F, 0x10, 0xE8, 0x3E, 0x1C, 0xF1, 0x0F, 0xC2, 0x4F, 0x18, 0xE9, 0x7E,
  0x33, 0xD1, 0xF5, 0xCD, 0x53, 0x45, 0xB8, 0xFE, 0xC2, 0xD6, 0x3F, 0xB3,
  0xEF, 0x96, 0x76, 0x6B, 0x59, 0x98, 0x84, 0x38, 0x38, 0x62, 0xA8, 0x0B,
  0x73, 0x8E, 0xA4, 0x57, 0x25, 0xF0, 0xB3, 0xE0, 0xDF, 0x84, 0x64, 0xB2,
  0x9F, 0xC4, 0xBF, 0x10, 0x35, 0xFD, 0x36, 0xCB, 0x4A, 0xB4, 0x93, 0x63,
  0xBD, 0xF4, 0xAA, 0xA8, 0xEF, 0x8C, 0x95, 0x45, 0x72, 0x17, 0x03, 0xFB,
  0xC4, 0x1C, 0xF6, 0x1D, 0xEB, 0xA0, 0xF1, 0xF6, 0x87, 0xFB, 0x3A, 0x6A,
  0x3A, 0x0B, 0xAF, 0x83, 0x3C, 0x47, 0xE1, 0xD4, 0xBF, 0xB7, 0x04, 0xB4,
  0x23, 0x6C, 0x52, 0x4C, 0x3D, 0x62, 0x91, 0x42, 0xFC, 0xE3, 0xA8, 0x1C,
  0x83, 0xD3, 0x14, 0xE7, 0x2E, 0x67, 0xCA, 0xC5, 0x4E, 0x2A, 0x37, 0x92,
  0x3E, 0xD0, 0xA2, 0xBE, 0x74, 0xFD, 0x9E, 0xFE, 0x29, 0x6A, 0x37, 0xC9,
  0xAA, 0x7C, 0x3F, 0xF1, 0x8E, 0xA3, 0x25, 0xF6, 0xA7, 0xA3, 0x22, 0xCF,
  0x65, 0x7F, 0x26, 0x59, 0xEE, 0xED, 0x1B, 0x81, 0xB8, 0xF7, 0x65, 0x24,
  0x0C, 0xF7, 0x04, 0x7A, 0x12, 0x7D, 0xEC, 0x6B, 0x3A, 0x69, 0xFF, 0x00,
  0x97, 0xA0, 0x3E, 0xAA, 0x47, 0xF4, 0xAE, 0x67, 0x16, 0x9D, 0x8E, 0x85,
  0x24, 0xF6, 0x34, 0x28, 0xAA, 0x8B, 0xA9, 0x69, 0xEF, 0xF7, 0x6F, 0x22,
  0xFC, 0x5B, 0x15, 0x32, 0xDC, 0x5B, 0xBF, 0xDD, 0x9E, 0x36, 0xFA, 0x30,
  0xA9, 0x28, 0x96, 0x8A, 0x41, 0xC8, 0xC8, 0x39, 0xA5, 0xA0, 0x0E, 0x43,
  0xE2, 0x17, 0x82, 0x74, 0x6F, 0x1F, 0xF8, 0x3A, 0xEF, 0xC3, 0x9A, 0xE4,
  0x44, 0xC1, 0x2E, 0x1E, 0x29, 0x93, 0xEF, 0xDB, 0xCA, 0x3E, 0xEC, 0x8B,
  0xEE, 0x33, 0xD3, 0xB8, 0x24, 0x77, 0xAF, 0x84, 0x1F, 0xC2, 0xFA, 0xC7,
  0xC3, 0xDF, 0x1D, 0x36, 0x8B, 0xAE, 0xDB, 0x98, 0xA6, 0x82, 0x43, 0xE5,
  0xC8, 0x46, 0x23, 0xB8, 0x4C, 0xF1, 0x22, 0x1E, 0xE0, 0xFE, 0x9D, 0x0D,
  0x7E, 0x8D, 0xBA, 0xEE, 0x5C, 0x57, 0x27, 0xE2, 0x8F, 0x08, 0xE8, 0xDE,
  0x26, 0xB0, 0xFB, 0x1E, 0xB3, 0xA6, 0x5B, 0xDF, 0xC2, 0x0E, 0x55, 0x66,
  0x4C, 0x94, 0x3E, 0xAA, 0x7A, 0xA9, 0xFA, 0x1A, 0xF4, 0x70, 0x75, 0xFD,
  0x94, 0xD3, 0x7D, 0x0F, 0x13, 0x33, 0xC3, 0x4A, 0xAD, 0x36, 0xA3, 0xD4,
  0xCE, 0xF8, 0x77, 0xAF, 0x69, 0xF7, 0x7E, 0x1F, 0xB7, 0x8D, 0x25, 0x50,
  0xDB, 0x77, 0x0E, 0x7A, 0x83, 0xCF, 0xFF, 0x00, 0x5A, 0xB5, 0xFC, 0x5B,
  0xAB, 0xD8, 0xDB, 0x68, 0x77, 0x08, 0xF2, 0xA1, 0x77, 0x42, 0x00, 0x27,
  0xDB, 0xAD, 0x79, 0xC1, 0xF8, 0x6F, 0x75, 0xA2, 0xB1, 0x5F, 0x0C, 0xEA,
  0x0D, 0x69, 0x07, 0x6B, 0x69, 0xF3, 0x22, 0x8F, 0xA3, 0x72, 0x7F, 0x3A,
  0xB1, 0x6D, 0xE0, 0x6D, 0x52, 0xFE, 0x55, 0x3A, 0xE6, 0xA5, 0xE6, 0xC4,
  0x0E, 0x4C, 0x50, 0x02, 0x03, 0x7D, 0x49, 0xAF, 0x66, 0x58, 0x6C, 0x24,
  0xEB, 0x7D, 0x65, 0xD4, 0xB2, 0xDE, 0xDD, 0x4F, 0x89, 0x86, 0x37, 0x34,
  0xA3, 0x84, 0xFE, 0xCD, 0x85, 0x0B, 0xD9, 0x72, 0xA9, 0x5F, 0xA6, 0xCB,
  0x4E, 0xF6, 0xF3, 0x2C, 0xFC, 0x37, 0xB4, 0x94, 0x41, 0x7B, 0x7E, 0xC0,
  0x84, 0xBA, 0x9F, 0x72, 0x7B, 0x81, 0xC6, 0x7F, 0x5A, 0xF5, 0x98, 0x06,
  0x10, 0x7D, 0x2B, 0x23, 0x4A, 0xD3, 0x22, 0xB2, 0xB7, 0x8E, 0x18, 0xA3,
  0x11, 0xC6, 0x80, 0x2A, 0xAA, 0x8E, 0x00, 0xAD, 0xB4, 0x18, 0x15, 0xE3,
  0xE6, 0x18, 0x95, 0x88, 0xAC, 0xE6, 0xBA, 0x9F, 0x5F, 0x91, 0x60, 0x1E,
  0x0B, 0x0D, 0x1A, 0x4F, 0xA0, 0xEA, 0x42, 0x33, 0x4B, 0x48, 0x73, 0xD8,
  0xE2, 0xBC, 0xD3, 0xE8, 0x88, 0x5E, 0x00, 0xDD, 0x45, 0x50, 0xB9, 0x97,
  0x4F, 0xB4, 0x6C, 0x4D, 0x2A, 0x87, 0xFE, 0xE0, 0xE5, 0xBF, 0x2A, 0xD2,
  0x99, 0x1E, 0x48, 0x24, 0x48, 0xE4, 0x31, 0xBB, 0x29, 0x01, 0xC7, 0xF0,
  0x9F, 0x5A, 0xE3, 0xE7, 0xD2, 0xAF, 0xED, 0x98, 0x99, 0x21, 0x69, 0x07,
  0xF7, 0xD3, 0xE6, 0xCF, 0xF5, 0xAD, 0x23, 0x27, 0xDC, 0xC6, 0x54, 0xE2,
  0xFA, 0x1A, 0x47, 0x5B, 0xB7, 0x4C, 0xF9, 0x36, 0xAC, 0xDE, 0xEC, 0x71,
  0x50, 0x49, 0xE2, 0x0B, 0xC2, 0x31, 0x1C, 0x71, 0x47, 0xF8, 0x13, 0x59,
  0x67, 0x83, 0x83, 0xC1, 0xF4, 0x34, 0x2F, 0x95, 0x9F, 0xDE, 0x17, 0x03,
  0xD5, 0x30, 0x7F, 0x9D, 0x37, 0xA8, 0x25, 0x6D, 0x8B, 0x4F, 0xAB, 0x6A,
  0x32, 0x1E, 0x6E, 0x98, 0x7F, 0xBA, 0x00, 0xAA, 0xED, 0x71, 0x71, 0x21,
  0xF9, 0xEE, 0x25, 0x6F, 0xAB, 0x9A, 0x99, 0x2D, 0xAC, 0x64, 0xFB, 0xBA,
  0x87, 0x96, 0x7D, 0x24, 0x88, 0x8F, 0xD4, 0x1A, 0xB2, 0xBA, 0x43, 0x48,
  0x3F, 0x73, 0x7F, 0x6D, 0x27, 0xB6, 0xEC, 0x52, 0xD0, 0x7A, 0x99, 0x87,
  0x9E, 0xBC, 0xFD, 0x69, 0x00, 0x15, 0xA8, 0xDA, 0x16, 0xA0, 0x3E, 0xEA,
  0xC6, 0xFF, 0x00, 0x47, 0xA8, 0x5B, 0x48, 0xD4, 0x97, 0xFE, 0x5D, 0x58,
  0xFD, 0x18, 0x1F, 0xEB, 0x45, 0xC2, 0xCC, 0xA0, 0x6B, 0xC8, 0x3F, 0x68,
  0x1F, 0x10, 0xCB, 0xA5, 0xFC, 0x30, 0x9B, 0x46, 0xB5, 0x3F, 0xE9, 0x5A,
  0xEC, 0x82, 0xCC, 0x71, 0x9C, 0x45, 0xF7, 0xA4, 0x3F, 0x90, 0x03, 0xFE,
  0x05, 0x5E, 0xCD, 0x25, 0x95, 0xF4, 0x6B, 0xF3, 0xD9, 0xCA, 0x3F, 0xE0,
  0x35, 0xE3, 0x7F, 0x17, 0x3C, 0x3F, 0x26, 0xB5, 0x2E, 0x82, 0xF2, 0xC6,
  0xC2, 0x3B, 0x5B, 0xA7, 0x0E, 0x19, 0x48, 0xE1, 0x97, 0xFC, 0x57, 0x1F,
  0x8D, 0x77, 0xE0, 0xF0, 0xFE, 0xDE, 0x6A, 0x2B, 0xA9, 0xE3, 0x66, 0x78,
  0xE5, 0x84, 0xA6, 0xE6, 0xFA, 0x1F, 0x3F, 0x78, 0x47, 0x47, 0xF1, 0x9D,
  0x8C, 0x62, 0x4F, 0x0A, 0xDB, 0xC7, 0xA7, 0xC8, 0x40, 0xCD, 0xD8, 0xB5,
  0x8E, 0x69, 0xDF, 0xFE, 0xDA, 0x48, 0x09, 0x51, 0xEC, 0xB8, 0x15, 0xBD,
  0xAB, 0x5E, 0x7C, 0x40, 0x48, 0xB6, 0xF8, 0xD3, 0x47, 0xD3, 0xBC, 0x5D,
  0x67, 0xDE, 0x3D, 0x4E, 0xC5, 0x12, 0x55, 0x1E, 0xB1, 0xDC, 0x44, 0x16,
  0x44, 0x6F, 0x42, 0x1B, 0xF0, 0x35, 0xF5, 0x97, 0x82, 0xFC, 0x0F, 0xA6,
  0xAE, 0x91, 0x13, 0xCB, 0x0A, 0xB2, 0xE3, 0x01, 0x7B, 0x71, 0xC6, 0x4F,
  0xAD, 0x5E, 0xF1, 0x57, 0x82, 0x74, 0xC9, 0x34, 0x6B, 0x87, 0x86, 0xDD,
  0x54, 0x84, 0x24, 0xA7, 0xF0, 0xB8, 0xC7, 0x20, 0x8A, 0xF4, 0xE4, 0xB0,
  0x0A, 0xA7, 0xB0, 0xB3, 0xBE, 0xD7, 0x3E, 0x5E, 0x18, 0xBC, 0xF6, 0x58,
  0x7F, 0xAF, 0xC5, 0x47, 0x92, 0xD7, 0xE5, 0xEB, 0x6F, 0xCB, 0xE4, 0x7C,
  0x23, 0xAF, 0x5C, 0xE9, 0xE3, 0xC3, 0x77, 0x50, 0x43, 0x73, 0x71, 0x75,
  0xA3, 0x5F, 0xC4, 0xE6, 0xD0, 0xDE, 0x30, 0x6B, 0x8B, 0x1B, 0x84, 0xF9,
  0x8D, 0xB4, 0xAC, 0x3E, 0xF1, 0x1C, 0x14, 0x7E, 0x37, 0x29, 0xEC, 0x72,
  0x07, 0xD8, 0x5F, 0x0D, 0xEF, 0xAF, 0x35, 0x2F, 0x85, 0x7E, 0x17, 0xBF,
  0xD4, 0x4B, 0x35, 0xE4, 0xDA, 0x6C, 0x2D, 0x2B, 0x37, 0x56, 0x3B, 0x71,
  0x93, 0xF5, 0x00, 0x1F, 0xC6, 0xBE, 0x42, 0xF8, 0x83, 0xA2, 0xAE, 0x9F,
  0xAB, 0x5F, 0xE9, 0x90, 0xE5, 0x96, 0x59, 0x01, 0x45, 0x1D, 0xD8, 0x1F,
  0x97, 0xF1, 0xC3, 0x11, 0xF8, 0xD7, 0xD9, 0xFE, 0x16, 0xB0, 0x6D, 0x33,
  0xC2, 0x9A, 0x4E, 0x98, 0xE7, 0xE6, 0xB4, 0xB3, 0x86, 0x06, 0xCF, 0xAA,
  0xA0, 0x07, 0xF9, 0x57, 0x9D, 0x89, 0xA0, 0xE9, 0x37, 0x17, 0xD0, 0xFA,
  0x7C, 0x0E, 0x3E, 0x38, 0xB8, 0x42, 0xA4, 0x17, 0xC5, 0xA9, 0xB2, 0x38,
  0xA7, 0x0A, 0x40, 0x29, 0xD5, 0xE7, 0x9E, 0xC8, 0x67, 0x8A, 0x33, 0x45,
  0x20, 0xA0, 0x62, 0xD1, 0x45, 0x21, 0xCD, 0x00, 0x04, 0xD1, 0xDA, 0x93,
  0x06, 0x97, 0x9A, 0x00, 0x63, 0x74, 0x35, 0xF2, 0x77, 0xC7, 0x7D, 0x69,
  0xEC, 0xBE, 0x37, 0x5B, 0x34, 0xC8, 0x67, 0x4B, 0x3D, 0x19, 0x56, 0xD6,
  0x11, 0xFC, 0x52, 0x48, 0xED, 0xC0, 0xF7, 0x27, 0x8F, 0xA0, 0xAF, 0xAC,
  0x5B, 0xEE, 0x9A, 0xF9, 0x77, 0xF6, 0x8C, 0xD2, 0x08, 0xF1, 0xA7, 0x87,
  0x75, 0xB0, 0x9F, 0x2C, 0xB6, 0xEF, 0x6C, 0x5B, 0xFD, 0xA4, 0x6D, 0xC3,
  0xF4, 0x7F, 0xD2, 0xBA, 0x68, 0x43, 0x99, 0xE8, 0x70, 0xE2, 0x6B, 0x2A,
  0x76, 0xB9, 0xC2, 0x69, 0x52, 0xDC, 0x47, 0x74, 0xAD, 0xA4, 0xE9, 0xB6,
  0xDA, 0xF7, 0x88, 0x0F, 0x32, 0xEA, 0x77, 0xF0, 0x0B, 0x98, 0x6D, 0x5B,
  0xFE, 0x79, 0xDB, 0x40, 0xD9, 0x4C, 0x03, 0xC7, 0x98, 0xC0, 0x92, 0x47,
  0x00, 0x0E, 0x4F, 0x4F, 0xA8, 0x37, 0xC6, 0x3B, 0xAB, 0x06, 0x4D, 0x56,
  0xFD, 0xF5, 0x3B, 0x3C, 0x7C, 0xD6, 0x97, 0x96, 0x16, 0xF2, 0xC3, 0x8F,
  0x4D, 0x85, 0x30, 0x07, 0xD3, 0x15, 0xEA, 0xDF, 0x04, 0x7C, 0x13, 0x67,
  0x71, 0xA6, 0xC7, 0x33, 0x20, 0xCB, 0x0D, 0xCC, 0xC3, 0xAE, 0x38, 0xE0,
  0x7F, 0x9E, 0xD5, 0xEF, 0x72, 0xF8, 0x33, 0x46, 0x36, 0xC5, 0x05, 0xAA,
  0xAB, 0x63, 0xEF, 0x2F, 0x04, 0x7E, 0x35, 0xEB, 0xD4, 0xA7, 0x83, 0xC3,
  0x35, 0x0A, 0xC9, 0xB9, 0x75, 0xF2, 0x3E, 0x46, 0x9E, 0x33, 0x37, 0xCC,
  0x1C, 0xEA, 0xE0, 0x94, 0x63, 0x4E, 0x2D, 0xA5, 0x7B, 0xEB, 0x6D, 0xED,
  0x63, 0xE1, 0x3F, 0x87, 0x7A, 0xC7, 0xFC, 0x21, 0xDF, 0x19, 0xB4, 0x7D,
  0x4A, 0x7D, 0x3C, 0x59, 0x43, 0x76, 0x4D, 0x85, 0xC4, 0x08, 0xC4, 0xC7,
  0x1A, 0x4A, 0x40, 0x0D, 0x1E, 0xE2, 0x4A, 0x80, 0xD8, 0x3B, 0x49, 0x38,
  0xC1, 0xC5, 0x7D, 0xAA, 0x57, 0x19, 0x07, 0xA8, 0xAF, 0x9F, 0xFE, 0x22,
  0xF8, 0x11, 0x0F, 0x8F, 0x34, 0xE4, 0xB4, 0x88, 0x79, 0xDF, 0x6C, 0x8B,
  0xEE, 0x8E, 0xA0, 0x3A, 0x92, 0x7F, 0x2E, 0x6B, 0xE8, 0x0B, 0x68, 0xEE,
  0x6E, 0x13, 0x7A, 0x5B, 0xCA, 0xD9, 0xE7, 0x84, 0x35, 0xCD, 0x8E, 0xC2,
  0xAA, 0x36, 0x94, 0x5E, 0x8D, 0x5D, 0x1E, 0x9E, 0x4F, 0x9A, 0x4B, 0x18,
  0xAD, 0x51, 0x5A, 0x4A, 0xE9, 0xAE, 0xCD, 0x68, 0xC6, 0x0E, 0xB4, 0xFE,
  0x31, 0xD2, 0xAC, 0x2E, 0x9B, 0xA8, 0x31, 0xE2, 0xCA, 0x5F, 0xC4, 0x62,
  0xA7, 0x5D, 0x1B, 0x52, 0x6F, 0xF9, 0x76, 0xC7, 0xD5, 0x85, 0x78, 0xF7,
  0x3E, 0xA6, 0xCC, 0xA4, 0xAE, 0xE9, 0xCA, 0x3B, 0x2F, 0xD0, 0x91, 0x53,
  0x2E, 0xA1, 0x7D, 0x1F, 0xDC, 0xBB, 0x94, 0x0F, 0x42, 0xD9, 0xFE, 0x75,
  0x6B, 0xFB, 0x16, 0xED, 0x46, 0x65, 0x92, 0x08, 0x47, 0xFB, 0x4F, 0x51,
  0x3D, 0x8D, 0xBC, 0x7C, 0x4B, 0xAA, 0x5B, 0x8F, 0x64, 0x05, 0xBF, 0x95,
  0x1A, 0x0F, 0x51, 0xF1, 0xEB, 0xBA, 0x8A, 0x75, 0x91, 0x64, 0x1F, 0xED,
  0x28, 0xFE, 0x95, 0x69, 0x3C, 0x41, 0x21, 0xFF, 0x00, 0x5D, 0x6A, 0x84,
  0x7F, 0xB2, 0xC4, 0x56, 0x4C, 0x8B, 0x66, 0x9C, 0x47, 0x34, 0xB2, 0x9F,
  0x50, 0x81, 0x47, 0xEA, 0x6A, 0x1D, 0xC0, 0x0F, 0x41, 0x45, 0x84, 0xCE,
  0x8D, 0x35, 0x4D, 0x3A, 0x53, 0x89, 0x43, 0x42, 0x7F, 0xDA, 0x19, 0x1F,
  0x98, 0xAD, 0x38, 0xA1, 0x85, 0xD0, 0x49, 0x11, 0x57, 0x53, 0xD1, 0x94,
  0xE4, 0x57, 0x1D, 0x0C, 0x33, 0x5C, 0x1C, 0x43, 0x0B, 0xC9, 0xFE, 0xEA,
  0xE6, 0xBA, 0x2D, 0x17, 0x4F, 0xBC, 0xB4, 0x67, 0x92, 0x77, 0xD8, 0x8E,
  0x3F, 0xD5, 0x03, 0x9E, 0x7D, 0x4F, 0xA5, 0x37, 0x27, 0xDC, 0x95, 0x4E,
  0x2D, 0xDE, 0xC6, 0xBA, 0xA0, 0x5A, 0x7D, 0x14, 0x56, 0x46, 0xC9, 0x58,
  0x28, 0xA2, 0x8A, 0x06, 0x14, 0x51, 0x45, 0x00, 0x31, 0xE2, 0x8A, 0x51,
  0x89, 0x22, 0x47, 0xFF, 0x00, 0x79, 0x41, 0xAA, 0x8F, 0xA4, 0xE9, 0xD2,
  0x75, 0xB5, 0x50, 0x7F, 0xD9, 0x24, 0x7F, 0x2A, 0xBD, 0x45, 0x00, 0x64,
  0x37, 0x87, 0xEC, 0x4F, 0xDD, 0x69, 0x53, 0xE8, 0xD9, 0xFE, 0x75, 0x03,
  0x78, 0x72, 0x33, 0xF7, 0x2E, 0x98, 0x7F, 0xBC, 0x80, 0xD6, 0xF5, 0x14,
  0xEE, 0xC5, 0x64, 0x73, 0xBF, 0xD8, 0x37, 0xD1, 0x9F, 0xDC, 0x6A, 0x01,
  0x7F, 0x16, 0x5A, 0x70, 0xB1, 0xF1, 0x0C, 0x7F, 0x73, 0x50, 0x56, 0xFA,
  0xB6, 0x7F, 0x98, 0xAE, 0x82, 0x8A, 0x2E, 0x16, 0x39, 0xE9, 0x17, 0xC4,
  0xAA, 0x9C, 0x98, 0x64, 0x1E, 0xF8, 0xFF, 0x00, 0xEB, 0x57, 0x09, 0xE3,
  0x1D, 0x2F, 0x59, 0xD5, 0x34, 0xB9, 0xA0, 0x7B, 0x55, 0x12, 0x02, 0x24,
  0x42, 0x87, 0xF8, 0x87, 0xE3, 0x5E, 0xB6, 0x46, 0x46, 0x2B, 0x3A, 0xF2,
  0xCD, 0x66, 0x52, 0x0A, 0xE6, 0xBB, 0xB0, 0x78, 0x97, 0x42, 0xA2, 0x9A,
  0xE8, 0x78, 0xD9, 0xA6, 0x07, 0xEB, 0x74, 0x5D, 0x3E, 0xE7, 0x9F, 0x78,
  0x27, 0xC6, 0xF6, 0x91, 0x69, 0x8B, 0x61, 0xA8, 0x13, 0x0C, 0xF1, 0x7C,
  0xAC, 0xAC, 0x30, 0x41, 0xEE, 0x08, 0xFA, 0xD5, 0xCF, 0x17, 0x78, 0xEF,
  0x4C, 0x87, 0x47, 0x9A, 0x38, 0x25, 0xDC, 0xEE, 0xA5, 0x40, 0x1E, 0xFE,
  0x9E, 0xA6, 0x8D, 0x63, 0xC1, 0x3A, 0x76, 0xA5, 0x39, 0x9E, 0x6B, 0x6C,
  0x4B, 0xFF, 0x00, 0x3D, 0x10, 0xED, 0x63, 0xF5, 0xC7, 0x5A, 0xAD, 0xA6,
  0xF8, 0x03, 0x4B, 0xB4, 0xB9, 0x59, 0xFE, 0xCC, 0x65, 0x95, 0x4E, 0x43,
  0x4C, 0xDB, 0xB1, 0xF4, 0xED, 0x5E, 0xDB, 0xFA, 0x84, 0xAA, 0x7D, 0x61,
  0xDE, 0xFB, 0xDB, 0xA5, 0xCF, 0x89, 0xE4, 0xCE, 0xA1, 0x47, 0xEA, 0x11,
  0x6B, 0x92, 0xD6, 0xBD, 0xB5, 0xB1, 0xE4, 0x1E, 0x1A, 0xF8, 0x6F, 0x2E,
  0xAF, 0xE3, 0x68, 0x3C, 0x59, 0xE2, 0x6B, 0x29, 0xDE, 0x18, 0x64, 0x13,
  0xDB, 0xD9, 0xAC, 0x44, 0xEF, 0x7C, 0xE5, 0x59, 0xF3, 0xD0, 0x0E, 0x08,
  0x1D, 0xF0, 0x33, 0x5F, 0x47, 0x59, 0x4B, 0x60, 0xB1, 0x01, 0x26, 0x99,
  0x30, 0x3E, 0xAD, 0x6F, 0x9A, 0xB7, 0x65, 0x62, 0x21, 0x51, 0xC5, 0x6A,
  0xA8, 0xC0, 0xAF, 0x1F, 0x1B, 0x89, 0xF6, 0xD3, 0x6D, 0x23, 0xEC, 0x32,
  0x8C, 0xBF, 0xEA, 0xB4, 0x94, 0x5B, 0xD9, 0x58, 0xCB, 0x07, 0x47, 0x6E,
  0xB6, 0x7B, 0x7F, 0xDE, 0xB7, 0x61, 0xFD, 0x2A, 0x44, 0xB6, 0xD2, 0x64,
  0x3F, 0x2D, 0xBC, 0x5F, 0xF7, 0xC1, 0x15, 0xA3, 0x45, 0x79, 0xD7, 0x3D,
  0xFB, 0x14, 0xBF, 0xB2, 0xF4, 0xEF, 0xF9, 0xF4, 0x8F, 0xF2, 0xA3, 0xFB,
  0x2F, 0x4E, 0xFF, 0x00, 0x9F, 0x48, 0xFF, 0x00, 0x2A, 0xBB, 0x45, 0x17,
  0x0B, 0x14, 0xFF, 0x00, 0xB2, 0xF4, 0xEF, 0xF9, 0xF4, 0x8F, 0xF2, 0xA4,
  0xFE, 0xCB, 0xD3, 0xBF, 0xE7, 0xCE, 0x3F, 0xCA, 0xAE, 0xD1, 0x45, 0xC2,
  0xC5, 0x16, 0xD3, 0xB4, 0xC4, 0x19, 0x6B, 0x58, 0x87, 0xE1, 0x51, 0x18,
  0xB4, 0x74, 0xE3, 0xEC, 0xC8, 0x71, 0xE9, 0x11, 0x3F, 0xD2, 0xB4, 0xE8,
  0xA2, 0xE1, 0x63, 0x1D, 0xDF, 0x4A, 0x0A, 0x76, 0xE9, 0xEC, 0xDF, 0x4B,
  0x73, 0xFE, 0x15, 0xE6, 0xDF, 0x12, 0xFC, 0x23, 0xA5, 0x78, 0xDB, 0xC3,
  0xCF, 0xA5, 0xCD, 0xA7, 0x5C, 0xC1, 0x24, 0x6E, 0x26, 0xB7, 0xB9, 0x8E,
  0x0F, 0x9A, 0x19, 0x00, 0xE0, 0xE3, 0xB8, 0x23, 0x82, 0x3B, 0x83, 0x5E,
  0xC3, 0x55, 0xAE, 0x22, 0xF3, 0x14, 0x83, 0xCD, 0x6F, 0x46, 0xAF, 0xB3,
  0x95, 0xCE, 0x2C, 0x66, 0x1F, 0xDB, 0x53, 0xB2, 0x3E, 0x75, 0xF8, 0x71,
  0xAA, 0x5F, 0x78, 0x0E, 0xEC, 0x68, 0x9E, 0x20, 0x87, 0xCA, 0x61, 0xC2,
  0x48, 0x01, 0x0B, 0x22, 0xE7, 0xA8, 0x27, 0xF9, 0x7D, 0x45, 0x7B, 0x3D,
  0xC7, 0x8D, 0xF4, 0x74, 0xB2, 0x32, 0x89, 0xF2, 0x71, 0xF4, 0xAA, 0xFA,
  0xD7, 0x86, 0x2C, 0xF5, 0x48, 0x8C, 0x57, 0x76, 0xC9, 0x32, 0x67, 0x23,
  0x70, 0xE4, 0x1F, 0x50, 0x7B, 0x57, 0x34, 0x9F, 0x0D, 0xF4, 0xA5, 0x94,
  0x13, 0x14, 0xCE, 0x80, 0xF0, 0x8D, 0x29, 0xC5, 0x7D, 0x0C, 0xE5, 0x82,
  0xC5, 0x5A, 0xA5, 0x6B, 0xA9, 0x2E, 0xDD, 0x4F, 0x81, 0x8D, 0x3C, 0xDF,
  0x2F, 0x72, 0xA3, 0x84, 0xB3, 0x84, 0x9B, 0x7A, 0xAD, 0x9B, 0xDE, 0xC7,
  0x39, 0x6B, 0x25, 0xE7, 0x88, 0xFC, 0x73, 0xFD, 0xB5, 0x6D, 0x6E, 0x64,
  0x86, 0xD4, 0x9D, 0xA7, 0xA0, 0x2C, 0x46, 0x00, 0xFC, 0xBF, 0x95, 0x7A,
  0x9D, 0x9B, 0xF8, 0x87, 0xC9, 0x02, 0x3B, 0x68, 0xA3, 0xFA, 0xE3, 0xFA,
  0x9A, 0x76, 0x93, 0xA2, 0x43, 0x63, 0x0A, 0x45, 0x0C, 0x2B, 0x1A, 0x2F,
  0x01, 0x54, 0x60, 0x0A, 0xE8, 0xE3, 0x40, 0xAB, 0x5E, 0x7E, 0x61, 0x8B,
  0x8D, 0x66, 0xA3, 0x05, 0x64, 0x95, 0x91, 0xEF, 0xE4, 0x39, 0x65, 0x4C,
  0x24, 0x1C, 0xAA, 0xBB, 0xCA, 0x4E, 0xEF, 0xD5, 0x98, 0x66, 0x0F, 0x12,
  0x49, 0xF7, 0xAE, 0x11, 0x3E, 0x84, 0x0F, 0xE4, 0x29, 0xAD, 0xA4, 0x6B,
  0x13, 0x7F, 0xAD, 0xD4, 0x78, 0xFF, 0x00, 0x7D, 0x8D, 0x74, 0x54, 0x57,
  0x8F, 0x73, 0xEA, 0xEC, 0x73, 0x63, 0xC3, 0x52, 0x31, 0xCC, 0xB7, 0xA0,
  0xFD, 0x10, 0x9F, 0xE6, 0x6A, 0x78, 0xFC, 0x37, 0x6E, 0xBF, 0x7E, 0xE6,
  0x46, 0xFA, 0x00, 0x2B, 0x76, 0x8A, 0x2E, 0xC7, 0x64, 0x65, 0xA6, 0x83,
  0xA6, 0xA1, 0xC9, 0x8D, 0xE4, 0xFF, 0x00, 0x79, 0xCF, 0xF4, 0xAB, 0x51,
  0xE9, 0xF6, 0x30, 0xFF, 0x00, 0xAB, 0xB4, 0x88, 0x1F, 0x5D, 0xB9, 0xFE,
  0x75, 0x6A, 0x8A, 0x2E, 0x16, 0x10, 0x00, 0x06, 0x00, 0xC0, 0xF6, 0xA5,
  0xA2, 0x8A, 0x43, 0x0A, 0x28, 0xA2, 0x80, 0x0A, 0x28, 0xA2, 0x80, 0x0A,
  0x28, 0xA2, 0x80, 0x0A, 0x28, 0xA2, 0x80, 0x0A, 0x28, 0xA2, 0x80, 0x0A,
  0x28, 0xA2, 0x80, 0x0A, 0x43, 0xF4, 0x14, 0x51, 0x40, 0x99, 0x03, 0x2A,
  0x9F, 0xE1, 0x1F, 0x95, 0x0A, 0xAB, 0xFD, 0xD1, 0xF9, 0x51, 0x45, 0x68,
  0x61, 0x65, 0x72, 0x65, 0xC7, 0xA0, 0xA7, 0x51, 0x45, 0x66, 0x6E, 0xB6,
  0x0A, 0x28, 0xA2, 0x81, 0x85, 0x14, 0x51, 0x40, 0x05, 0x14, 0x51, 0x40,
  0x05, 0x14, 0x51, 0x40, 0x05, 0x21, 0xA2, 0x8A, 0x00, 0x89, 0xC0, 0xF4,
  0x1F, 0x95, 0x30, 0x2A, 0xE7, 0xEE, 0x8F, 0xCA, 0x8A, 0x2B, 0x45, 0xB1,
  0xCF, 0x24, 0xAE, 0x4C, 0x80, 0x7A, 0x0F, 0xCA, 0x9F, 0x45, 0x15, 0x0C,
  0xDA, 0x3B, 0x05, 0x14, 0x51, 0x48, 0xA0, 0xA2, 0x8A, 0x28, 0x00, 0xA2,
  0x8A, 0x28, 0x00, 0xA2, 0x8A, 0x28, 0x00, 0xA2, 0x8A, 0x28, 0x03, 0xFF,
  0xD9
};

static const size_t OCTOPUS_LOGO_JPG_LEN = 16849;
